id,Colonia,Delitos,latitude,longitude
1,1° DE MAYO,16,19.3386060033677,-99.3241604002904
2,10 DE ABRIL,16,19.44791102,-99.2062059
3,10 DE MAYO,46,19.4346258575549,-99.1183226243549
4,12 DE DICIEMBRE,15,19.3293460796346,-99.100262389063
5,15 DE AGOSTO,40,19.4829959118119,-99.1067040642477
6,16 DE SEPTIEMBRE,27,19.4014560264111,-99.2063350829803
7,19 DE MAYO,9,19.3621456842215,-99.2533357531375
8,1A AMPLIACIÓN PRESIDENTES,38,19.3791944050449,-99.2195065457566
9,1A VICTORIA,41,19.3869034207679,-99.1993169598138
10,1ER REACOMODO CORPUS CHRISTI,4,19.3573220021795,-99.2509648002359
11,1RA. AMPLIACIÓN SANTIAGO ACAHUALTEPEC,49,19.3535448953799,-99.0087061999403
12,2 DE OCTUBRE,21,19.2733854025163,-99.2299285998133
13,20 DE NOVIEMBRE,150,19.44604801,-99.10720643
14,24 DE ABRIL,12,19.41404137,-99.11625387
15,25 DE JULIO,45,19.49624524,-99.08283139
16,2A AMPLIACIÓN EL PIRU,22,19.3812375039723,-99.2392745000061
17,2A AMPLIACIÓN JALALPA TEPITO,50,19.3733248593984,-99.2369926486164
18,2A AMPLIACIÓN LA MEXICANA,4,19.3793393002204,-99.2315363998895
19,2A AMPLIACIÓN PRESIDENTES,32,19.376345528179,-99.2281017878101
20,2A SECCIÓN CAÑADA,10,19.38220235,-99.22639537
21,2A. AMPLIACION JALALPA EL GRANDE,26,19.3674731019403,-99.2455268003437
22,2A. AMPLIACIÓN SANTIAGO ACAHUALTEPEC,213,19.3503679210872,-99.0169918085633
23,2DA AMPLIACION BARRIO SAN MIGUEL (SAN FELIPE TERRE,30,19.3499109953676,-99.070920200059
24,2DA AMPLIACION PARAJE SAN JUAN,13,19.33892987,-99.06947663
25,2O REACOMODO CORPUS CHRISTI,3,19.3629302,-99.2486005
26,2O REACOMODO TLACUITLAPA,37,19.3525904491796,-99.235255233739
27,3 DE MAYO,1,19.2969562467048,-98.9965368024564
28,3 FUENTES,8,19.2977349019595,-99.1214389998238
29,4 ÁRBOLES,41,19.4138284626633,-99.0849493099078
30,5 DE MAYO,32,19.4488321311122,-99.2003200434062
31,5O TRAMO 20 DE NOVIEMBRE,76,19.4500957837965,-99.1023570636962
32,6 DE JUNIO,9,19.5505023023031,-99.1245226002682
33,7 DE JULIO,77,19.4311517547778,-99.1148837149287
34,7 DE NOVIEMBRE,43,19.4616958830583,-99.1215872764533
35,8 DE AGOSTO,33,19.3942261968473,-99.1859466997089
36,A.M.S.A,55,19.2824159993021,-99.138992595943
37,AARÓN SÁENZ,4,19.4134864565784,-99.1239357071508
38,ABDIAS GARCIA SOTO,14,19.3530126998029,-99.2900401000709
39,ABRAHAM M. GONZÁLEZ,12,19.3867723459059,-99.2052957320588
40,ACACIAS,68,19.3669115,-99.1740764
41,ACASULCO,2,19.3418061203796,-99.181601521366
42,ACOCA,1,19.2463330678288,-99.1334518648225
43,ACTIPAN,65,19.3706277,-99.1791628
44,ACUEDUCTO,78,19.39937802,-99.19941706
45,ACUEDUCTO DE GUADALUPE,83,19.5279175,-99.156943
46,ACUEDUCTO XOCHIMILCO,3,19.2634697973428,-99.1259486003328
47,ACUILOTLA,4,19.3597539529597,-99.2441742563985
48,ACULCO,71,19.3767005982473,-99.1020570596584
49,ADOLFO LÓPEZ MATEOS,116,19.421375297111,-99.0733733999648
50,ADOLFO RUIZ CORTINES,135,19.3199312,-99.1490745
51,AERONÁUTICA MILITAR,79,19.4227097007472,-99.1151918000294
52,AEROPUERTO INTERNACIONAL BENITO JUÁREZ,168,19.4372505975909,-99.0803860002424
53,AGRICOLA / EX-HACIENDA DE GUADALUPE CHIMALISTAC,34,19.34788256,-99.18051826
54,AGRÍCOLA METROPOLITANA,42,19.2928939524845,-99.0520576268319
55,AGRÍCOLA ORIENTAL,914,19.3970002595661,-99.07100879593
56,AGRÍCOLA PANTITLAN,885,19.402874346063,-99.063500227162
57,AGRICULTURA,71,19.4468852836561,-99.166128620085
58,AGUA BENDITA,10,19.3565769878839,-99.3089784713742
59,AGUILERA,20,19.472736040468,-99.1553904234317
60,AHUATENCO,21,19.3650141417804,-99.2995597687394
61,AHUEHUETES,13,19.5470774628195,-99.1340598871211
62,AHUEHUETES ANAHUAC,24,19.448336,-99.1898782
63,AJUSCO,354,19.3258167546065,-99.1527576730583
64,AJUSCO MONTSERRAT,8,19.3248877956717,-99.1547108996976
65,ALAMEDA ORIENTE,7,19.4308558020605,-99.053868499592
66,ALAMEDA SUR,7,19.3071042005223,-99.1234847000935
67,ÁLAMOS,423,19.39803464,-99.14432275
68,ALBARRADA,16,19.3565501967456,-99.0621461000495
69,ALBARRADA I,4,19.358061895509,-99.0681653004426
70,ALBERT,43,19.3710463586428,-99.1387449907042
71,ALCANFORES,2,19.2375733082251,-99.0877233898504
72,ALCANTARILLA,10,19.3388620237089,-99.2429856573089
73,ALDAMA,1,19.276221276749,-99.1288129941834
74,ALDANA,45,19.4709666,-99.14815088
75,ALFALFAR,16,19.3745900309203,-99.2008489773838
76,ALFONSO XIII,149,19.3791646940123,-99.1961219573603
77,ALGARIN,122,19.4071723031837,-99.1446145211391
78,ALIANZA POPULAR REVOLUCIONARIA,106,19.3147961,-99.1193297
79,ALTAVISTA,15,19.3441850090483,-99.1998660829369
80,ALTILLO UNIVERSIDAD,3,19.3409306228661,-99.1817452061811
81,ÁLVARO OBREGÓN,126,19.3757815817904,-99.0383898084351
82,AMADO NERVO,4,19.3692424,-99.29515474
83,AMANECER BELLAVISTA,4,19.3340706069708,-99.0880667824898
84,AMÉRICA,92,19.40418209,-99.20230855
85,AMÉRICAS UNIDAS,159,19.3806067206702,-99.1432155491684
86,AMPLIACIÓN 20 DE NOVIEMBRE,15,19.4415099002648,-99.1138617999099
87,AMPLIACION 7 DE JULIO,10,19.430480196452,-99.1105468002223
88,AMPLIACION ADOLFO LOPEZ MATEOS,133,19.4157812564187,-99.0756189300955
89,AMPLIACIÓN ALPES,16,19.3574576999278,-99.2103066997775
90,AMPLIACIÓN ASTURIAS,143,19.406609356391,-99.1273392096537
91,AMPLIACIÓN AVIACIÓN CIVIL,15,19.4123787013431,-99.0762128002969
92,AMPLIACIÓN BENITO JUÁREZ,20,19.5326419662555,-99.1397451477716
93,AMPLIACIÓN CARACOL,28,19.428643502796,-99.0681395998616
94,AMPLIACIÓN CASAS ALEMÁN,247,19.4759717135194,-99.0900377487026
95,AMPLIACIÓN COSMOPOLITA,12,19.4717015890163,-99.1604002833556
96,AMPLIACIÓN DANIEL GARZA,87,19.4091718978675,-99.1903539997113
97,AMPLIACION DEL CARMEN,6,19.3560551,-99.1665147
98,AMPLIACIÓN DEL GAS,79,19.4639383626616,-99.1564116762055
99,AMPLIACION DOS RIOS,6,19.3563087457293,-99.2463563468457
100,AMPLIACIÓN EL SANTUARIO,7,19.3521978020296,-99.0954604000255
101,AMPLIACIÓN EL TRIUNFO,26,19.377837581774,-99.1156382800085
102,AMPLIACIÓN EMILIANO ZAPATA,67,19.3404858340402,-98.9774832069721
103,AMPLIACIÓN ESTADO DE HIDALGO,6,19.3972087071568,-99.2093496717079
104,AMPLIACIÓN GABRIEL HERNÁNDEZ,92,19.50389773,-99.09725724
105,AMPLIACIÓN GABRIEL RAMOS MILLÁN,190,19.3886003457564,-99.0969645063926
106,AMPLIACIÓN GRANADA,123,19.4425768754129,-99.1941864917627
107,AMPLIACIÓN GUADALUPE PROLETARIA,12,19.5184029,-99.1479184
108,AMPLIACIÓN JALALPA,16,19.3769798572573,-99.2335559383731
109,AMPLIACION LA CANDELARIA,27,19.327576499152,-99.1534647002221
110,AMPLIACIÓN LA CEBADA,7,19.3794895181289,-99.2326481821004
111,AMPLIACIÓN LA CONCHITA,6,19.234234,-99.0021611
112,AMPLIACIÓN LOMAS DE SAN BERNABÉ,37,19.3052126,-99.268299
113,AMPLIACION LOMAS DE SANTO DOMINGO,9,19.3947517889194,-99.2006340865896
114,AMPLIACIÓN MÁRTIRES DE RÍO BLANCO,13,19.4616821028255,-99.1058976999779
115,AMPLIACIÓN MICHOACANA,27,19.4481507043311,-99.1116944004028
116,AMPLIACION MOLINO DE ROSAS,135,19.3740834478399,-99.1993023503964
117,AMPLIACIÓN NAPOLES,113,19.38565604,-99.17920805
118,AMPLIACIÓN PANAMERICANA,69,19.47819517,-99.14537199
119,AMPLIACIÓN PENITENCIARIA,107,19.4381724,-99.1183351
120,AMPLIACIÓN PETROLERA,26,19.4829961867835,-99.1974920888315
121,AMPLIACIÓN PILOTO ADOLFO LÓPEZ MATEOS,26,19.3737919242274,-99.2233138290794
122,AMPLIACIÓN POPO,6,19.4437468954258,-99.1969286000167
123,AMPLIACIÓN POTRERILLO,20,19.3073120027114,-99.2605477996196
124,AMPLIACIÓN PROGRESO NACIONAL,89,19.5210697992037,-99.1611697000304
125,AMPLIACIÓN PROVIDENCIA,47,19.4769018032467,-99.0723784996727
126,AMPLIACIÓN RICARDO FLORES MAGÓN,24,19.3540108967838,-99.1012697999437
127,AMPLIACION SAN FRANCISCO CULHUACAN,104,19.3313013587925,-99.1239774556582
128,AMPLIACION SAN JUAN DE ARAGON CTM,9,19.4560129003305,-99.0537778364279
129,AMPLIACIÓN SAN MIGUEL,5,19.3522997879753,-99.0678138233332
130,AMPLIACION SAN MIGUEL 8VA.,37,19.3522927003359,-99.0782141001289
131,AMPLIACIÓN SAN PEDRO XALPA,139,19.480166245764,-99.2167595705212
132,AMPLIACIÓN SANTA CATARINA,32,19.3239331457968,-98.9595419530248
133,AMPLIACION SIFON,3,19.3735384991576,-99.1122347003673
134,AMPLIACIÓN SIMÓN BOLÍVAR,16,19.4474233864221,-99.101822518676
135,AMPLIACIÓN SINATEL,26,19.3665558980847,-99.1330630000542
136,AMPLIACIÓN TEPEACA,10,19.3609079990136,-99.2342994002746
137,AMPLIACIÓN TLACUITLAPA,7,19.3545884377421,-99.2419200013649
138,AMPLIACION TLACUITLAPA II,6,19.35398597,-99.23679178
139,AMPLIACIÓN TORRE BLANCA,38,19.45440174,-99.19710333
140,AMPLIACIÓN VENUSTIANO CARRANZA,4,19.4474695075439,-99.1040293555185
141,AMPLIACIÓN VERACRUZANA,2,19.3519437996482,-99.0897705997111
142,AMPLIACION ZONA URBANA EJIDAL SANTA MARIA AZTAHUAC,88,19.34749775,-99.02519907
143,ANAHUAC,575,19.4444905837385,-99.1774026455322
144,ANGEL ZIMBRON,64,19.4700829,-99.1893246
145,AÑO DE JUÁREZ,54,19.3178858835147,-99.0731811867675
146,ANTONIO CARRILLO FLORES,5,19.363031900866,-99.2504973996399
147,ANZURES,201,19.43524,-99.1814476
148,APATLACO,119,19.3795458,-99.1141431
149,AQUILES SERDÁN,101,19.4462619033448,-99.0935997996583
150,ARAGÓN FOVISSSTE,24,19.4555128012112,-99.06072369966
151,ARAGÓN INGUARÁN,30,19.4711416029123,-99.1084275001474
152,ARAGÓN LA VILLA,154,19.47773926,-99.11385719
153,ARBOLEDAS DE CUAUTEPEC EL ALTO,39,19.5582702041108,-99.1250864999221
154,ARBOLEDAS DEL SUR,43,19.2947116035431,-99.1362185002721
155,ARCOS CENTENARIO,9,19.3616772002585,-99.2257917829023
156,ARCOS DEL SUR,3,19.2731547007968,-99.1236523997454
157,ARCOS LA ESMERALDA,3,19.4859737026602,-99.0869076995331
158,AREA FEDERAL COMPLEJO DE TELEFONIA (CONTEL S.C.T.),16,19.3666828009591,-99.0620150004052
159,AREA FEDERAL PANTEON CIVIL SAN NICOLAS TOLENTINO,2,19.3433581484748,-99.0762434396971
160,AREA FEDERAL PANTEON SAN LORENZO TEZONCO,132,19.30528210615,-99.0620110600063
161,AREA FEDERAL PARQUE CUITLAHUAC,5,19.3613741696677,-99.0405011380404
162,AREA FEDERAL PARQUE ECOLOGICO EL SALADO,45,19.3658176695858,-99.0058706090774
163,ARENAL,63,19.4656925589868,-99.1545747025699
164,ARENAL 1A SECCIÓN,62,19.4239238999981,-99.0655916996033
165,ARENAL 2A SECCIÓN,11,19.422466833057,-99.0578753546875
166,ARENAL 3A SECCIÓN,12,19.4255626466559,-99.0553264982188
167,ARENAL 4A SECCIÓN,100,19.4321468077662,-99.0622415643008
168,ARENAL PUERTO AÉREO,11,19.4292611492215,-99.0621595322109
169,ARENAL TEPEPAN,64,19.2851200408781,-99.1476092860718
170,ARGENTINA ANTIGUA,99,19.4539562007215,-99.2047976997959
171,ARGENTINA PONIENTE,124,19.4587134722169,-99.2035421943489
172,ARTES GRAFICAS,53,19.409837943262,-99.12534280346
173,ARTURO MARTÍNEZ,39,19.3866755235952,-99.2168731132017
174,ARVIDE,49,19.3817523348278,-99.2043259304787
175,ASTURIAS,55,19.4051225,-99.1331721
176,ATACAXCO,7,19.3147567413532,-99.2516595296903
177,ATENOR SALAS,37,19.4024097,-99.1451402
178,ATLAMAXAC,6,19.35648962,-99.24717143
179,ATLAMAYA,12,19.3501733346511,-99.200899583321
180,ATLAMPA,164,19.4632053976636,-99.1550894003982
181,ATLÁNTIDA,31,19.3376708957584,-99.1471376996591
182,AVANTE,104,19.3244259322921,-99.129100531784
183,AVE REAL,14,19.36128882,-99.23770038
184,AVIACIÓN CIVIL,111,19.4157819926188,-99.0785273153282
185,AXOTLA,65,19.360905001113,-99.1740201999213
186,AZTECA,25,19.439549499325,-99.1071199003915
187,AZTLAN LOS APACHES,2,19.287347800664,-99.1059512004459
188,BALCONES DE CEHUAYO,20,19.3562629035302,-99.2394003001925
189,BANJIDAL,32,19.3618410512604,-99.1366407162944
190,BARRANCA SECA,61,19.3075235725286,-99.2399793405729
191,BARRIO 18,61,19.2804219972371,-99.113732308218
192,BARRIO 3 DE MAYO,8,19.2477717644132,-99.0606228168481
193,BARRIO BELÉN,23,19.2591288159797,-99.1030610270822
194,BARRIO CALYEQUITA,34,19.2540800570677,-99.0100290748268
195,BARRIO CANDELARIA TICOMÁN,81,19.5217925961121,-99.1352380003007
196,BARRIO DE CARAMAGÜEY,3,19.2927927015299,-99.183150899587
197,BARRIO DEL NIÑO JESÚS,45,19.2855617030554,-99.1625915004679
198,BARRIO EL CAPULÍN,12,19.2824940008695,-99.1905973999021
199,BARRIO EL ROSARIO,52,19.2616921179796,-99.1047614867765
200,BARRIO EL TRUENITO,3,19.2781115006014,-99.1672811003919
201,BARRIO LA ASUNCIÓN,31,19.2708057980802,-99.1006582998763
202,BARRIO LA CONCEPCIÓN,80,19.3449372837762,-99.1580303678805
203,BARRIO LA CONCEPCIÓN TLACOAPA,11,19.2676569585937,-99.1034553262133
204,BARRIO LA FAMA,20,19.292372295712,-99.177211499693
205,BARRIO LA LONJA,10,19.2903909417466,-99.1812292739695
206,BARRIO LA SANTÍSIMA,8,19.2637001053468,-99.0945630899617
207,BARRIO LAS CRUCES,6,19.2396084891886,-99.0742995189685
208,BARRIO LOS REYES,6,19.2411528248501,-99.0526114528005
209,BARRIO NORTE,113,19.3790273,-99.2043778
210,BARRIO OXTOPULCO UNIVERSIDAD,140,19.3457108984423,-99.1792932000498
211,BARRIO SAN AGUSTIN,4,19.2264082023787,-98.9669495719904
212,BARRIO SAN ANDRÉS,13,19.2517294330268,-99.0486241476341
213,BARRIO SAN ANTONIO,39,19.26311919249,-99.1075275028579
214,BARRIO SAN CRISTÓBAL,17,19.2604109916147,-99.0995350635654
215,BARRIO SAN DIEGO,10,19.2636996511613,-99.1006953607754
216,BARRIO SAN ESTEBAN,23,19.26442075,-99.09838133
217,BARRIO SAN FERNANDO,18,19.29896783,-99.17939866
218,BARRIO SAN FRANCISCO,34,19.3141849,-99.2302217
219,BARRIO SAN JOSÉ,6,19.2551753764495,-99.0361579820228
220,BARRIO SAN JUAN,26,19.2652694619043,-99.1058746045061
221,BARRIO SAN JUAN MINAS,7,19.251401873211,-99.0657874045231
222,BARRIO SAN JUAN MOYOTEPEC,10,19.2564314007086,-99.0729658999323
223,BARRIO SAN LORENZO,11,19.2647962961255,-99.0965398999748
224,BARRIO SAN LUCAS,34,19.3492548665443,-99.1538119818411
225,BARRIO SAN MIGUEL,8,19.30749672,-98.96864209
226,BARRIO SAN PEDRO,77,19.2592969804859,-99.1079403732351
227,BARRIO SAN SEBASTIÁN,21,19.25765508,-99.0065693
228,BARRIO SANTA CATARINA,93,19.34734798,-99.17268983
229,BARRIO SANTA CRUCITA,23,19.2622467883022,-99.1011025243272
230,BARRIO SANTIAGO,7,19.3129461476467,-98.9660373530479
231,BARRIO TULA,6,19.3362228677587,-99.1130824161214
232,BARRIO XALTOCAN,171,19.2553551993006,-99.1051344995594
233,BARROS SIERRA,39,19.3179578904043,-99.2440972694605
234,BATALLÓN DE SAN PATRICIO,4,19.37205121,-99.20622913
235,BEJERO DEL PUEBLO SANTA FE,12,19.3817097156344,-99.2455234710709
236,BELÉM DE LAS FLORES,30,19.3560178282893,-99.2338371482917
237,BELEN DE LAS FLORES SECCION CUCHILLA,1,19.39778021,-99.21287815
238,BELISARIO DOMÍNGUEZ,14,19.30712146,-99.13262418
239,BELISARIO DOMÍNGUEZ SECCIÓN XVI,115,19.2881014,-99.1560959
240,BELLAVISTA,116,19.3965556967766,-99.1938787713546
241,BELVEDERE AJUSCO,11,19.270502481916,-99.2266374226765
242,BENITO JUAREZ,23,19.47449129,-99.17728531
243,BENITO JUÁREZ,22,19.5318557527819,-99.1410372330133
244,BENITO JUAREZ I,30,19.316725438254,-99.0862574068203
245,BONANZA,12,19.3857256200302,-99.215281149711
246,BONDOJITO,70,19.4634366987047,-99.1078412997118
247,BOSCOSO,1,19.3870986933372,-99.2220188542852
248,BOSQUE,3,19.392747126148,-99.1971563516907
249,BOSQUE DE CHAPULTEPEC I SECCIÓN,118,19.4237885756601,-99.1804891490776
250,BOSQUE DE CHAPULTEPEC II SECCIÓN,48,19.4170771337299,-99.2009588559036
251,BOSQUE DE CHAPULTEPEC III SECCIÓN,12,19.4031402992751,-99.2074451002047
252,BOSQUE DE LAS LOMAS,77,19.3946160956187,-99.2492027999505
253,BOSQUE RESIDENCIAL DEL SUR,18,19.282591730362,-99.1287561046405
254,BOSQUES 2A SECCION,5,19.3906374439061,-99.2011810367183
255,BOSQUES DE LAS LOMAS,49,19.3907989974441,-99.2557557999764
256,BOSQUES DE TARANGO,10,19.3512157020136,-99.2488553001994
257,BOSQUES DE TETLAMEYA,17,19.2972259980057,-99.1551494003954
258,BOSQUES DEL PEDREGAL,24,19.2704352219356,-99.2392233781421
259,BUENAVISTA,1075,19.4461271958774,-99.1521272321284
260,BUENOS AIRES,109,19.40481077,-99.15525409
261,C.T.M. ARAGÓN,30,19.4535271034074,-99.0560663003315
262,C.T.M. ATZACOALCO,79,19.5091912604504,-99.1066053345615
263,C.T.M. EL RISCO,85,19.5085999,-99.0921752
264,CABEZA DE JUAREZ IX,16,19.3765106028404,-99.0522549001965
265,CABEZA DE JUAREZ SECCION VI,15,19.3738465935367,-99.0585454993816
266,CABEZA DE JUAREZ VII,12,19.3724560012975,-99.0551688001922
267,CABEZA DE JUAREZ VIII,9,19.3741248370017,-99.0526499782744
268,CABEZA DE JUAREZ X,12,19.377840195401,-99.0493223002265
269,CACAMA,43,19.3593216960347,-99.1286332997989
270,CAFETALES,35,19.3128149601248,-99.110362154936
271,CALTONGO,71,19.25770481,-99.07900955
272,CALZADA JALALPA,21,19.3823942982125,-99.2246676002489
273,CAMINO REAL DE TETELPAN,5,19.3440339351038,-99.2177664003238
274,CAMISETAS - BARRIO,4,19.2886747004889,-99.1791866995882
275,CAMPAMENTO 2 DE OCTUBRE,227,19.3850371912166,-99.1168648523396
276,CAMPAMENTO LA ESMERALDA,1,19.4870124982626,-99.0876083004279
277,CAMPESTRE,35,19.3551613142995,-99.194193662718
278,CAMPESTRE ARAGÓN,159,19.4899881296727,-99.0737792099098
279,CAMPESTRE CHURUBUSCO,166,19.3408779012669,-99.1358933003018
280,CAMPESTRE COYOACÁN,41,19.3016230241302,-99.1175043003584
281,CAÑADA,18,19.3830657039873,-99.2250762000785
282,CANTAROS,2,19.2643813302051,-99.1260773459988
283,CANTERA,4,19.2793129972118,-99.1842558002749
284,CANTERA PUENTE DE PIEDRA,32,19.2973378,-99.1661581
285,CANUTILLO,6,19.3608518,-99.23006111
286,CANUTILLO 3A SECCIÓN,3,19.363657,-99.2274515
287,CAPULTITLAN,59,19.47737731,-99.13278852
288,CARACOL,52,19.426122401551,-99.0727844001426
289,CARLOS A. MADRAZO,12,19.3787909327056,-99.2518878003241
290,CARLOS HANK GONZALEZ,46,19.3332854112917,-99.04984606399
291,CARLOS ZAPATA VELA,88,19.38420958,-99.09422554
292,CARMEN SERDÁN,59,19.320875984514,-99.1120139183449
293,CASA BLANCA,36,19.332843298112,-99.0693299997195
294,CASA LA SALLE,1,19.3659779032593,-99.2429077002554
295,CASTILLO CHICO,21,19.5431846000692,-99.1358414997438
296,CASTILLO GRANDE,27,19.5411912853836,-99.1363505029169
297,CEDROS SANTA LUCIA,2,19.3640648974776,-99.2385314996154
298,CEHUAYA,2,19.3590275393339,-99.243213797295
299,CENTRAL CAMIONERA PONIENTE,25,19.39498345,-99.19937111
300,CENTRAL DE ABASTO,680,19.3740277017661,-99.0906285996247
301,CENTRAL DE AUTOBUSES DEL SUR TAXQUEÑA,59,19.3414123234449,-99.1390330032732
302,CENTRO,3491,19.4368955375326,-99.1401471198264
303,CENTRO COMERCIAL PERISUR,115,19.3026593350666,-99.1902126802178
304,CENTRO DE AZCAPOTZALCO,235,19.48015804,-99.18659747
305,CENTRO URBANO BENITO JUÁREZ,41,19.4073996,-99.1571281
306,CENTRO URBANO PRESIDENTE MIGUEL ALEMÁN,8,19.36966395,-99.17152602
307,CERRILLOS PRIMERA SECCIÓN,13,19.2477471572282,-99.0193246212938
308,CERRILLOS SEGUNDA SECCIÓN,13,19.2442310793794,-99.0147256112176
309,CERRILLOS TERCERA SECCIÓN,20,19.2489646614316,-99.0235804844508
310,CERRO DE LA ESTRELLA,190,19.3291970345395,-99.0823216240421
311,CHALMA DE GUADALUPE,97,19.5536723968528,-99.1515950996061
312,CHICHICASPATL,11,19.2732433008257,-99.2441512055944
313,CHIMALCOYOTL,55,19.2742711841534,-99.1693296356457
314,CHIMALISTAC,75,19.3426435029917,-99.1892458998509
315,CHIMALLI,7,19.2930538610273,-99.1456669115598
316,CHIMILLI,23,19.2694216032964,-99.2148647004134
317,CHINAMPAC DE JUÁREZ,390,19.3760514991315,-99.0451250326652
318,CHURUBUSCO COUNTRY CLUB,67,19.3533710990831,-99.1439632996474
319,CHURUBUSCO TEPEYAC,7,19.4869791221228,-99.1378941028936
320,CITLALLI,100,19.3447249511181,-99.0252432874289
321,CIUDAD DE LOS DEPORTES,98,19.3851734909406,-99.1811151267225
322,CIUDAD JARDÍN,52,19.337770321222,-99.1444184203953
323,CLAVERÍA,165,19.4652065236309,-99.1811278025049
324,CLUB DE GOLF BOSQUES,3,19.3779167023233,-99.2799702004527
325,CLUB DE GOLF MÉXICO,16,19.2787621214059,-99.1599096437143
326,COCOYOTES,13,19.5488417883071,-99.1304456296209
327,COLA DE PATO - PUEBLO,3,19.3057918099739,-99.3378698661277
328,COLEGIO MEXICO,14,19.2989313,-99.1383795
329,COLINA DEL SUR,63,19.3646175049974,-99.2211824266252
330,COLINAS DE TARANGO,5,19.3643463115897,-99.2213558260526
331,COLINAS DEL BOSQUE,17,19.2783625565172,-99.1499579354181
332,COLONIAL IZTAPALAPA,21,19.3495777705393,-99.0556486599752
333,COLORINES,1,19.36782331,-99.28306204
334,COLTONGO,40,19.4857478261025,-99.1526828181824
335,COMPAÑÍA DE LUZ,1,19.3878230495265,-99.2203969793268
336,COMPOSITORES MEXICANOS,34,19.5656556176606,-99.1382143887668
337,COMUNEROS DE SANTA ÚRSULA,21,19.2990943,-99.1625178
338,CONCHITA A,35,19.2886727958401,-99.0406049001671
339,CONCHITA B,63,19.2889173465589,-99.029440555529
340,CONDESA,202,19.4148384030316,-99.1707379002282
341,CONSEJO AGRARISTA MEXICANO,143,19.3225453042074,-99.0599058003913
342,CONSTITUCIÓN DE 1917,209,19.3493708023454,-99.0585453997442
343,CONSTITUCIÓN DE LA REPÚBLICA,113,19.4838353982543,-99.1019603995862
344,CONTADERO,37,19.3485691035551,-99.2812311787591
345,COOPERATIVA BIATLON,5,19.3679150252996,-99.0322155673484
346,COPILCO EL ALTO,36,19.33220810047,-99.1760907999641
347,COPILCO EL BAJO,66,19.340178797876,-99.1875627999664
348,COPILCO UNIVERSIDAD,97,19.3347382980252,-99.1767541003331
349,COPILCO UNIVERSIDAD ISSSTE,9,19.3381849,-99.1859469
350,CORPUS CHRISTY,57,19.3606134,-99.2473801
351,CORRALES,1,19.27194009738,-99.1425951996883
352,COSMOPOLITA,48,19.4733700041775,-99.1632887255459
353,COVE,65,19.4017064120989,-99.2002751886494
354,CRÉDITO CONSTRUCTOR,51,19.3670413019129,-99.1804392998798
355,CRISTO REY,74,19.3893546437468,-99.2009744232575
356,CRUZ BLANCA,14,19.32608102,-99.31775331
357,CRUZ DEL FAROL,22,19.2704136,-99.2135509
358,CRUZTITLA (SAN ANTONIO TECOMITL),58,19.2129506,-98.9969721
359,CUADRANTE DE SAN FRANCISCO,77,19.3437841,-99.16676173
360,CUAJIMALPA,274,19.3624830969456,-99.302558400415
361,CUAUHTÉMOC,483,19.3179054973965,-99.2424599999212
362,CUAUHTÉMOC PENSIL,50,19.4449238609448,-99.1917862661
363,CUAUTEPEC BARRIO ALTO,12,19.5576165,-99.1393889
364,CUAUTEPEC DE MADERO,32,19.54950481,-99.13677775
365,CUCHILLA AGRÍCOLA ORIENTAL,24,19.4043458877143,-99.0798187113894
366,CUCHILLA DE PADIERNA,12,19.2751772943191,-99.2165655907969
367,CUCHILLA DEL MORAL 1,4,19.3851411037075,-99.0714499001226
368,CUCHILLA DEL TESORO,81,19.4487010038534,-99.0566694996871
369,CUCHILLA LA JOYA,16,19.46119794,-99.1106485
370,CUCHILLA PANTITLAN,51,19.42192623,-99.06150096
371,CUCHILLA TEPEXIMILPA,3,19.2696243940299,-99.1930223118982
372,CUEVITAS,24,19.3868718781204,-99.2239121443465
373,CUITLAHUAC,2,19.3438842608744,-99.0632210731597
374,CULHUACÁN CTM SECCIÓN IX,54,19.3109936985247,-99.1025172996884
375,CULHUACÁN CTM SECCIÓN V,71,19.33149731,-99.11407536
376,CULHUACÁN CTM SECCIÓN VI,61,19.32360913,-99.11234613
377,CULHUACÁN CTM SECCIÓN VII,210,19.3284959982746,-99.1154944851042
378,CULHUACÁN CTM SECCIÓN X,35,19.3073690007924,-99.1117373000791
379,CULTURA MAYA,16,19.2774398434479,-99.2249746805498
380,CUMBRES DE TEPETONGO,10,19.2723052654149,-99.1881371078776
381,DAMIÁN CARMONA,19,19.44469108,-99.10339072
382,DANIEL GARZA,56,19.4076656549421,-99.1979134967093
383,DE SAN JUAN TLALPAN,3,19.2921927365031,-99.1444699502925
384,DEFENSORES DE LA REPÚBLICA,69,19.476644620014,-99.1467704302172
385,DEL BOSQUE,21,19.54311535,-99.14434318
386,DEL CARMEN,381,19.35664070188,-99.1687518998311
387,DEL GAS,87,19.470333245144,-99.1592162934314
388,DEL LAGO,42,19.3775126,-99.1406208
389,DEL MAESTRO,35,19.4814931700577,-99.1824460020204
390,DEL MAR,150,19.2876634,-99.056805
391,DEL OBRERO,27,19.4992335223436,-99.0897412075522
392,DEL PARQUE,2,19.4243544547735,-99.1203873806589
393,DEL RECREO,78,19.4714385853803,-99.1811023521136
394,DEL VALLE CENTRO,1564,19.3804656446932,-99.1754857693409
395,DEPORTIVA C.E.T. NO. 1,4,19.2940612730944,-98.9978777593681
396,DEPORTIVO PENSIL,30,19.45161263,-99.20101362
397,DESARROLLO URBANO EL PIRU,33,19.3812472434732,-99.2233178498536
398,DESARROLLO URBANO QUETZALCOATL,487,19.3228868967212,-99.0396865998384
399,DIAMANTE,1,19.2712941856282,-99.1931591259045
400,DIF,1,19.2422267572376,-99.0975323572182
401,DINAMITA,10,19.4921800636713,-99.1049786995312
402,DIVISIÓN DEL NORTE INFONAVIT,9,19.2735318776371,-99.1120296576105
403,DOCTORES,1934,19.4238791859017,-99.1486102985532
404,DOS LAGOS,18,19.4442344316483,-99.1876888054598
405,DR. ALFONSO ORTIZ TIRADO,94,19.3858451017186,-99.0782337996789
406,DR. FRANCISCO CABRERA,11,19.294500498821,-99.0611399311845
407,DR. IGNACIO CHÁVEZ INFONAVIT,19,19.29535648,-99.10145946
408,DR. PEDRO R BERNABÉ,3,19.3424424275686,-99.1671223021586
409,DURAZNOTITLA,4,19.2411678860413,-99.1253242464614
410,EDUARDO MOLINA I,1,19.482298272601,-99.0915507726313
411,EDUARDO MOLINA II,2,19.4838305728233,-99.091555299522
412,EDUCACIÓN,53,19.3384164,-99.1409479
413,EJERCITO DE AGUA PRIETA,210,19.3675205126306,-99.0314773042434
414,EJERCITO DE ORIENTE 2,139,19.3852211540734,-99.0372463250932
415,EJERCITO DE ORIENTE ZONA PEÑON,293,19.3695355303946,-99.0297999236304
416,EJIDO SAN MATEO,7,19.3395012989844,-99.2640715995646
417,EJIDOS SAN JUAN DE ARAGON 1A SECCION,35,19.4668087962861,-99.0933902998892
418,EL ARBOL AMPLIACION,1,19.3798190201562,-99.2348470429998
419,EL ARBOLILLO,23,19.5371601027498,-99.1415771099744
420,EL ARBOLILLO CTM,27,19.5318829,-99.1464489
421,EL ARENAL,1,19.2311306992753,-99.1246240997706
422,EL BOSQUE - CONDOMINIO,1,19.2963694035718,-99.1901842003883
423,EL CAPULÍN,15,19.39576087,-99.21130427
424,EL CARACOL,99,19.3079730967387,-99.1636823999959
425,EL CENTINELA,25,19.3364015948729,-99.1412755524974
426,EL CHAMIZAL (LA MAGUEYERA EL RETIRO),13,19.3258300941189,-99.0511583728343
427,EL COYOL,73,19.4885736520068,-99.0917406334733
428,EL CUERNITO,19,19.3836399796769,-99.2081404846777
429,EL ÉBANO,14,19.3744994161673,-99.2879696796262
430,EL EDÉN,11,19.3638544555408,-99.0140989114778
431,EL ENCANTO,1,19.2644763020043,-99.1294182997012
432,EL ENCINO DEL PUEBLO TETELPAN,2,19.3442192618913,-99.2287290901307
433,EL ERMITAÑO,29,19.303318230642,-99.2658092781034
434,EL GAVILÁN,6,19.35972955,-99.07625893
435,EL HUESO INFONAVIT,1,19.3081234912933,-99.1356517196486
436,EL JAGÜEY,40,19.4905881778184,-99.1733398119707
437,EL JAZMÍN,1,19.2455968277743,-99.0886268163292
438,EL MANTO,58,19.3489826043398,-99.0802724004593
439,EL METRO - BARRIO,4,19.2842194656999,-99.1866442510146
440,EL MILAGRO,7,19.4839624,-99.0838003
441,EL MIRADOR,34,19.3376334,-99.1016811
442,EL MIRADOR  (SANTA CRUZ XOCHITEPEC),7,19.2624596220731,-99.1296736945569
443,EL MIRADOR (NATIVITAS),1,19.2347356958359,-99.0963858001341
444,EL MIRADOR 1A SECCIÓN,17,19.2685563025284,-99.1788572001682
445,EL MIRADOR 2A SECCIÓN,10,19.2697916416531,-99.1820973313527
446,EL MIRADOR 3A SECCIÓN,6,19.2701163006705,-99.1855398000078
447,EL MIRADOR DEL PUEBLO TETELPAN,1,19.34424364268,-99.2270032422436
448,EL MIRADOR I(SAN LUCAS XOCHIMANCA),5,19.2350298966059,-99.1060550997752
449,EL MOLINITO,8,19.3615935992768,-99.2873607001817
450,EL MOLINO,25,19.3553901960173,-99.0882131998771
451,EL MOLINO TEZONCO,44,19.2974312976583,-99.0688580002959
452,EL OCOTAL,58,19.3050147005741,-99.2602052996969
453,EL OLIVO,17,19.4746209116661,-99.0865158144998
454,EL OLIVO (SAN LORENZO),1,19.23365168,-99.09449588
455,EL PARAÍSO,146,19.3759019445579,-99.0330279477049
456,EL PARQUE,106,19.4286952766704,-99.1195870287513
457,EL PARQUE DE COYOACÁN,17,19.3112061996984,-99.1317148000708
458,EL PIRU SANTA FE,11,19.3796445619586,-99.2409660976467
459,EL POCITO,4,19.3818243781874,-99.2087376968791
460,EL POLITOCO,4,19.3636259351733,-99.2450808877016
461,EL PRADO,24,19.358447699147,-99.1387619997769
462,EL RELOJ,30,19.3189092006472,-99.1425930996827
463,EL RETOÑO,89,19.3747898964884,-99.1236523999525
464,EL RINCÓN,4,19.3537632009321,-99.2449615001852
465,EL RODEO,111,19.39542246,-99.08531043
466,EL ROSAL,46,19.3075494679865,-99.2489506047391
467,EL ROSARIO,458,19.5108257841999,-99.2100964957642
468,EL ROSEDAL,55,19.3395429964703,-99.148663699529
469,EL RUEDO,1,19.3531879005474,-99.2393917996876
470,EL SANTUARIO,35,19.3513079916139,-99.0924898020612
471,EL SIFÓN,107,19.3722189587423,-99.1113723273928
472,EL TANQUE,49,19.3267003487443,-99.2482179650448
473,EL TEJOCOTE,3,19.3830094793934,-99.2175012831648
474,EL TEPETATAL,17,19.5650017954059,-99.1384575997611
475,EL TORO,34,19.3123853990169,-99.2484459537536
476,EL TRIANGULO,41,19.3226052427148,-99.0509448173069
477,EL TRIUNFO,88,19.3797026696275,-99.1223848601727
478,EL VERGEL,79,19.3189256589298,-99.0841248599215
479,EL YAQUI,16,19.36256321,-99.28559798
480,EMILIANO ZAPATA,147,19.3317054622874,-98.9784294313705
481,EMILIANO ZAPATA 1A SECCION,4,19.2114772608197,-98.9716314361959
482,EMILIANO ZAPATA 2A SECCION,4,19.2100858082507,-98.9689178711977
483,EMILIANO ZAPATA FRACCIONAMIENTO POPULAR,35,19.3165837459725,-99.107934300796
484,EMILIO CARRANZA,49,19.450541871842,-99.1233316101363
485,EMILIO PORTES GIL,12,19.30624506085,-99.219156994472
486,EMPLEADOS FEDERALES,8,19.3377943917634,-99.1830658658619
487,EQUIPAMIENTO FABRICA FISISA,6,19.2993792010737,-99.1792899996347
488,EQUIPAMIENTO FABRICA FISISA I,58,19.2995350046295,-99.1378547607008
489,EQUIPAMIENTO PREPARATORIA NUM. 5,2,19.3078664274441,-99.1340931827133
490,ERMITA,43,19.3598535250496,-99.1431522594321
491,ERMITA CHURUBUSCO,1,19.3578062601406,-99.1235493119908
492,ERMITA TIZAPAN,24,19.3376265439103,-99.2045832733934
493,ERMITA ZARAGOZA,285,19.36188702363,-98.9999388984646
494,ESCANDÓN I SECCIÓN,350,19.4002474229918,-99.1834475400018
495,ESCUADRÓN 201,100,19.3585956967459,-99.1119335999729
496,ESCUELA DE TIRO,7,19.4321445957208,-99.1138652702182
497,ESPACIO ECOLOGICO CUICUILCO,5,19.3026804953005,-99.1857060671548
498,ESPARTACO,43,19.31973182,-99.13615276
499,ESPERANZA,72,19.4179012,-99.1287681
500,ESTACIÓN PANTACO,12,19.4796028721371,-99.164535863927
501,ESTADIO AZTECA,3,19.3019159690201,-99.1471667970025
502,ESTADIO OLIMPICO MEXICO 68,3,19.3323427338759,-99.1901328457884
503,ESTADO DE ANAHUAC,2,19.3227035811915,-99.086048606399
504,ESTADO DE HIDALGO,22,19.3647791959309,-99.2449147779556
505,ESTADO DE HIDALGO I,6,19.3633449975482,-99.2408520804264
506,ESTADO DE VERACRUZ,1,19.3496003988789,-99.0892236999509
507,ESTANZUELA,26,19.49114752,-99.10800449
508,ESTRELLA,149,19.4725364869289,-99.1138214293393
509,ESTRELLA CULHUACÁN,20,19.3321995019069,-99.1089779000092
510,ESTRELLA DEL SUR,52,19.3482911716958,-99.0998274457178
511,EUZKADI,32,19.4764552471753,-99.1590202016864
512,EVA SÁMANO DE LÓPEZ MATEOS,2,19.3609750572769,-99.0677119900589
513,EX EJIDO SAN JUAN DE ARAGÓN SECTOR 32,2,19.466026896873,-99.0781893999173
514,EX ESCUELA DE TIRO,8,19.4516054033581,-99.1008324151599
515,EX HACIENDA SAN JUAN DE DIOS,54,19.2886922973084,-99.1317150996353
516,EX-EJIDO DE LA MAGDALENA MIXIUHCA,29,19.3912979108798,-99.0885920995563
517,EX-EJIDO DE SAN PABLO TEPETLAPA,97,19.3204507540957,-99.113730352629
518,EX-EJIDO DE SANTA URSULA COAPA,45,19.3143334881507,-99.1396266928349
519,EX-HACIENDA EL ROSARIO,18,19.497870400581,-99.2130048001974
520,EX-HIPÓDROMO DE PERALVILLO,191,19.4577467,-99.1345113
521,EXTREMADURA INSURGENTES,37,19.37651093429,-99.1808906167208
522,FAJA DE ORO,11,19.4654018273652,-99.1052665602833
523,FAROLES DEL PEDREGAL,9,19.302110545131,-99.1969680958941
524,FEDERAL,159,19.4174904994554,-99.0913735000865
525,FELIPE ÁNGELES,68,19.4524833,-99.1106509
526,FELIPE PESCADOR,29,19.456340240384,-99.1246194203058
527,FERNANDO CASAS ALEMÁN,10,19.4522695974073,-99.0949324999624
528,FERRERÍA,10,19.4995697992603,-99.1725276001692
529,FERROCARRILERA,100,19.4795917313138,-99.0973379254714
530,FIVIPOR,3,19.4259419,-99.06183703
531,FLOR DE MARIA,11,19.3532824768945,-99.2022018432417
532,FLORESTA COYOACÁN,23,19.3052469,-99.1320515
533,FLORIDA,132,19.3609826693706,-99.1813535353511
534,FORESTAL,28,19.5590591365081,-99.1306733290433
535,FORESTAL I,21,19.5701452991394,-99.128424399841
536,FORTÍN DE CHIMALISTAC,1,19.3403477722334,-99.1844867111473
537,FRACCIONAMIENTO COYUYA,22,19.3984870457301,-99.1137203886363
538,FRANCISCO I MADERO,14,19.4466357624055,-99.2039970196012
539,FRANCISCO VILLA,131,19.33963879,-99.06152597
540,FUEGO NUEVO,66,19.3324421476441,-99.0990415371628
541,FUENTES BROTANTES,60,19.2836200981938,-99.1851789004133
542,FUENTES DE ZARAGOZA,4,19.3689829961118,-99.0074941001493
543,FUENTES DEL PEDREGAL,65,19.3037930279674,-99.2281241305951
544,GABRIEL HERNÁNDEZ,75,19.4993045973497,-99.100250000328
545,GABRIEL RAMOS MILLÁN,81,19.3909047310339,-99.099635309711
546,GABRIEL RAMOS MILLÁN SECCIÓN BRAMADERO,276,19.393596996982,-99.0958119001546
547,GABRIEL RAMOS MILLÁN SECCIÓN TLACOTAL,109,19.3951029418237,-99.1096357484378
548,GAMITOS,8,19.3784763049308,-99.2383953562919
549,GARCIMARRERO,46,19.365949273861,-99.2410032345857
550,GARCIMARRERO NORTE,15,19.367290698931,-99.2376369828299
551,GENERAL FELIPE BERRIOZABAL,50,19.557407498642,-99.1317380002758
552,GENERAL IGNACIO ZARAGOZA,177,19.4170783,-99.0982871
553,GENERAL PEDRO MARIA ANAYA,74,19.3631267,-99.1593783
554,GERTRUDIS SÁNCHEZ 1A SECCIÓN,38,19.4704816540669,-99.1036191084072
555,GERTRUDIS SÁNCHEZ 2A SECCIÓN,67,19.4690192842973,-99.0993334278861
556,GERTRUDIS SANCHEZ 3A SECCION,76,19.4609252957613,-99.1004725998217
557,GLORIETA DE VAQUERITOS,6,19.2846429805141,-99.1279746972234
558,GOLONDRINAS,68,19.376734997167,-99.2163661442421
559,GOLONDRINAS 1A SECCIÓN,22,19.3801032980544,-99.2121800999299
560,GOLONDRINAS 2A SECCIÓN,9,19.3789383489563,-99.2148682791533
561,GRACIANO SÁNCHEZ,1,19.5577661032864,-99.1467789995937
562,GRANADA,280,19.4416221988551,-99.1935132999281
563,GRANJAS CABRERA,25,19.3008950517733,-99.0631214139571
564,GRANJAS COAPA,189,19.2950340061613,-99.1142014128119
565,GRANJAS DE SAN ANTONIO,72,19.356695402238,-99.111164755224
566,GRANJAS ESMERALDA,46,19.3530657632505,-99.119784708217
567,GRANJAS ESTRELLA,63,19.3205203100375,-99.0852556100833
568,GRANJAS MÉXICO,542,19.3975675670557,-99.0958765110732
569,GRANJAS MODERNAS,127,19.4744132023464,-99.1000635001328
570,GUADALUPE,57,19.2857402971556,-99.1467533997193
571,GUADALUPE DEL MORAL,150,19.3740053684367,-99.0787058154933
572,GUADALUPE INN,188,19.3584997106361,-99.1842056259407
573,GUADALUPE INSURGENTES,85,19.4724849995765,-99.1332712003724
574,GUADALUPE PROLETARIA,39,19.5192397964734,-99.1527444545418
575,GUADALUPE TEPEYAC,523,19.4721870806497,-99.1211007335991
576,GUADALUPE TLALPAN,31,19.28986496,-99.14825239
577,GUADALUPE TLALTENCO,38,19.2951671,-99.01054062
578,GUADALUPE VICTORIA,36,19.4706794007849,-99.1393888996534
579,GUADALUPE VICTORIA CUAUTEPEC,18,19.5410119706672,-99.1392418198744
580,GUADALUPITA,17,19.264210462519,-99.1015152778355
581,GUELATAO BENITO JUÁREZ,29,19.3861307,-99.0437916
582,GUERRERO,894,19.4370630164866,-99.1449441887395
583,HACIENDA SAN JUAN,6,19.29119304,-99.14543587
584,HACIENDAS DE COYOACÁN,39,19.30081083,-99.1141211
585,HERMOSILLO,6,19.3450638679212,-99.1268777934709
586,HÉROE DE NACOZARI,39,19.4703817978272,-99.1431554000647
587,HÉROES DE 1910,19,19.2494372961742,-99.2294474003264
588,HÉROES DE CERRO PRIETO,49,19.4515265822705,-99.097557489534
589,HÉROES DE CHAPULTEPEC,14,19.4741512004945,-99.0910755002653
590,HÉROES DE CHURUBUSCO,68,19.36107947,-99.11516155
591,HÉROES DE PADIERNA,288,19.2831532682041,-99.2286949933254
592,HERON PROAL,20,19.3581426285962,-99.2298680037122
593,HIDALGO,37,19.3979184736544,-99.2069825700701
594,HIPÓDROMO,546,19.4069875630868,-99.1756222735043
595,HIPÓDROMO CONDESA,113,19.40795037,-99.17846854
596,HOGAR Y REDENCIÓN,14,19.36790049,-99.21618228
597,HOGAR Y SEGURIDAD,37,19.4679122980405,-99.1664292000604
598,HOGARES FERROCARRILEROS,8,19.4737892907212,-99.164341618188
599,HUAYAMILPAS,28,19.3223672197853,-99.1524545391861
600,HUAYATLA,42,19.30807064,-99.26247704
601,HUICHAPAN,18,19.2643732467973,-99.118404284755
602,HUÍCHAPAN,31,19.459013672085,-99.1972268499841
603,IGNACIO ALLENDE,3,19.4671777207413,-99.1613291439289
604,IGNACIO MANUEL ALTAMIRANO,4,19.4641570955279,-99.196062538262
605,IGNACIO ZARAGOZA,10,19.3848786,-99.0412331
606,INDECO,4,19.4731291,-99.0899361
607,INDEPENDENCIA,136,19.3778543929726,-99.1491033041091
608,INDEPENDENCIA BATAN NORTE,14,19.3342612033789,-99.2091860999364
609,INDEPENDENCIA BATAN SUR,21,19.3326440167997,-99.2139873554486
610,INDEPENDENCIA SAN RAMON,11,19.3311338000036,-99.219597499756
611,INDUSTRIAL,221,19.4720964765689,-99.1296524419043
612,INDUSTRIAL ALCE BLANCO - FRACCIONAMIENTO,1,19.432608,-99.133209
613,INDUSTRIAL PUERTO AÉREO,134,19.4204726387738,-99.0955612888119
614,INDUSTRIAL VALLEJO,154,19.49319,-99.1582822
615,INDUSTRIAS MILITARES DE SEDENA,2,19.3838545985217,-99.2378495001359
616,INFONAVIT CAMINO SAN JUAN DE ARAGON,11,19.4726252038902,-99.0825098001473
617,INFONAVIT IZTACALCO,206,19.38579243,-99.10474783
618,INFONAVIT LORETO FABELA,1,19.4715364041208,-99.0803495998479
619,INPI PICOS,22,19.3858840062135,-99.1007719037378
620,INSURGENTES,38,19.3322828179482,-99.0562973195492
621,INSURGENTES CUICUILCO,89,19.3033739486645,-99.1836969573323
622,INSURGENTES MIXCOAC,250,19.3736143992438,-99.1872047226978
623,INSURGENTES SAN ANGEL,2,19.3386763,-99.187687
624,INSURGENTES SAN BORJA,48,19.3840786025331,-99.1734605998535
625,INTEGRACIÓN LATINOAMERICANA,4,19.3392166397666,-99.1802729393126
626,IRRIGACIÓN,134,19.4423072,-99.2105039
627,ISIDRO FABELA,157,19.2985795927456,-99.1728238739273
628,ISIDRO FABELA SECCION CANTIL,8,19.29806912,-99.16904714
629,ISSFAM,9,19.277917698999,-99.1612322998587
630,ISSSTE,6,19.3446607960262,-99.1808690999046
631,IZTACCIHUATL,49,19.3893451027984,-99.1334413002775
632,IZTLAHUACÁN,143,19.3437512958246,-98.9979182996786
633,JACARANDAS,86,19.35081207,-99.05212249
634,JAIME TORRES BODET,19,19.231572835124,-98.9986955155812
635,JALALPA EL GRANDE 1ER. REACOMODO,20,19.3714035038834,-99.2397926000174
636,JALALPA TEPITO,28,19.3793252032453,-99.228705892842
637,JAMAICA,65,19.40493743,-99.12574674
638,JANITZIO,33,19.4483696,-99.1178806
639,JARDÍN AZPEITIA,50,19.4752218427855,-99.1752541963474
640,JARDÍN BALBUENA,514,19.4189867017893,-99.1075444996684
641,JARDINES DE CHURUBUSCO,12,19.3753070480609,-99.1077290886907
642,JARDINES DE COYOACÁN,29,19.3163713605293,-99.1261866335168
643,JARDINES DE LA PALMA,25,19.3732618247254,-99.2787622582642
644,JARDINES DE SAN LORENZO TEZONCO,40,19.2967116953246,-99.0726828996723
645,JARDINES DEL AJUSCO,50,19.2932248998881,-99.2159349001603
646,JARDINES DEL LLANO,14,19.2298585212242,-98.9894986306576
647,JARDINES DEL PEDREGAL,362,19.3119517031747,-99.2032006996798
648,JARDINES DEL PEDREGAL DE SAN ÁNGEL,138,19.3073785,-99.1901123
649,JARDINES DEL SUR,25,19.2545651897132,-99.1145473448458
650,JARDINES EN LA MONTAÑA,57,19.3044580586408,-99.2017268492316
651,JARDINES TECMA,21,19.3885328,-99.11624534
652,JARDINES VILLA COAPA,11,19.302221104044,-99.1337930996888
653,JESÚS DEL MONTE,21,19.3651765331452,-99.2939479841219
654,JORGE NEGRETE,82,19.5265289022176,-99.144953370951
655,JOSÉ LÓPEZ PORTILLO,161,19.3065651039954,-99.0816329050396
656,JOSÉ MARIA MORELOS Y PAVÓN,27,19.3731113460469,-99.0271334662796
657,JOSÉ MARIA MORELOS Y PAVÓN 1,1,19.4837812393476,-99.0954750846695
658,JOSÉ MARIA MORELOS Y PAVÓN 2,9,19.4784795984111,-99.0920758997918
659,JOSÉ MARIA PINO SUÁREZ,76,19.3930126164543,-99.2008123863829
660,JOSEFA ORTIZ DE DOMÍNGUEZ,27,19.3879176547788,-99.141383966249
661,JOYAS DEL PEDREGAL,8,19.3062111916557,-99.1571950906364
662,JUAN DE DIOS BÁTIZ,6,19.5042910948506,-99.1304517270075
663,JUAN ESCUTIA,344,19.4006094618709,-99.0580260940178
664,JUAN GONZÁLEZ ROMERO,62,19.5054264971637,-99.0884889003007
665,JUÁREZ,908,19.4300348671204,-99.1606936141992
666,JUSTICIA SOCIAL,1,19.2594292247593,-99.0275335740023
667,JUSTO SIERRA,5,19.3631054361818,-99.1351241680735
668,JUVENTINO ROSAS,124,19.39360908,-99.10631648
669,LA ANGOSTURA,12,19.33388936,-99.23216271
670,LA ARAÑA,7,19.36321169,-99.24021419
671,LA ASUNCIÓN,66,19.24314866075,-98.9968762420312
672,LA ASUNCION - BARRIO,12,19.241451103805,-98.995249600235
673,LA ASUNCION I,47,19.2717840845371,-99.0051093201358
674,LA CARBONERA,47,19.2975160971354,-99.2594039003894
675,LA CASCADA,13,19.3694531444911,-99.1984588253973
676,LA CASILDA,40,19.5543909,-99.1273472
677,LA COLMENA,47,19.371443627228,-98.9984907891549
678,LA CONCEPCION,8,19.3084465659043,-98.9676961517067
679,LA CONCEPCIÓN,15,19.304629643525,-99.2348985442379
680,LA CONCEPCIÓN (VILLA MILPA ALTA),34,19.19088182,-99.02051937
681,LA CONCHA,12,19.2520431028424,-99.1158601002495
682,LA CONCHITA,59,19.2829995313798,-99.035474657178
683,LA CONCHITA ZAPOTITLÁN,7,19.2392605033489,-98.9979647996839
684,LA CRUZ,78,19.3079034894519,-99.2333748572207
685,LA CRUZ COYUYA,51,19.401735,-99.1135878
686,LA DRAGA,30,19.2835092669233,-99.0428970443557
687,LA ERA,86,19.3396872021529,-99.0521972002804
688,LA ESCALERA,2,19.4711563014808,-99.090251500078
689,LA ESMERALDA,45,19.4865132333866,-99.0866416274404
690,LA ESMERALDA 1A SECCIÓN,20,19.488624094209,-99.0856015688764
691,LA ESPERANZA,95,19.3118810527415,-99.0807545516173
692,LA ESTACIÓN,62,19.31174226,-99.04402952
693,LA ESTRELLA,2,19.3847214156325,-99.2284428923462
694,LA FORESTAL 2,15,19.56500601,-99.12543336
695,LA GALVIA,1,19.2664071877235,-99.126580254393
696,LA GUADALUPANA,5,19.1943751803143,-99.1517534117695
697,LA GUADALUPE,37,19.3059011,-99.2320529
698,La Guadalupita,4,19.1771338734852,-98.9903576938893
699,LA HABANA,56,19.2652985823448,-98.9966771796812
700,LA HERRADURA DEL PUEBLO TETELPAN,3,19.3460318182847,-99.2108515783077
701,LA JOYA,157,19.2294379987113,-99.0964702003235
702,LA JOYITA,26,19.4664623240894,-99.1160474674331
703,LA JOYITA DEL PUEBLO TETELPAN,1,19.34316501,-99.23226858
704,LA LAGUNA TICOMÁN,92,19.5140285958086,-99.1350683001679
705,LA LOMA,40,19.2559322042625,-99.0015663996027
706,LA LUPITA,15,19.2449424977928,-98.9957035997022
707,LA LUZ (VILLA MILPA ALTA),9,19.1832340120305,-99.03175338461
708,LA MAGDALENA,26,19.26757514,-99.00360398
709,LA MAGDALENA PETLACALCO,44,19.23200017,-99.17897515
710,LA MAGUEYERA,2,19.320323403687,-99.0457393972301
711,LA MALINCHE,109,19.4517896974055,-99.1060188000549
712,LA MARTINICA,9,19.3599028415761,-99.2250820708909
713,LA MARTINICA II,8,19.359003497454,-99.2188759997432
714,LA MEXICANA,67,19.3810730022418,-99.2326806002996
715,LA MILAGROSA,2,19.3507442,-99.2423581
716,LA NAVIDAD,97,19.3768211009077,-99.2850057431174
717,LA NOPALERA,68,19.2971253007181,-99.0510813002704
718,LA NORIA,28,19.2671566,-99.1281779
719,LA NORIA I,5,19.2627354032106,-99.1255881001306
720,LA NORIA III,7,19.2682041987886,-99.130646882027
721,LA PALMITA,8,19.3842620998743,-99.2253908003873
722,LA PASTORA,59,19.5239317191035,-99.1373805733179
723,LA PILA,27,19.3106362987056,-99.335576264889
724,LA PLANTA,17,19.292720868813,-99.0649748101731
725,LA POLVORILLA,101,19.3164304180443,-99.0453153979145
726,LA PRADERA,74,19.472957,-99.068102
727,LA PRADERA I,7,19.4742154548688,-99.062838351271
728,LA PRADERA II,12,19.4713888666037,-99.0655188170607
729,LA PRECIOSA,66,19.487714346802,-99.1947038899244
730,LA PRESA,6,19.383206664268,-99.21295550422
731,LA PRESA SECCION HORNOS,7,19.3828067027427,-99.2147080999905
732,LA PRIMAVERA,9,19.2671263479651,-99.2004354545896
733,LA PURÍSIMA TICOMÁN,99,19.514475703889,-99.1383635996675
734,LA RAZA,88,19.4653085705868,-99.1432632199336
735,LA REGADERA,7,19.35312146674,-99.0643643618124
736,LA ROSITA,46,19.3629365657054,-99.2743085857671
737,LA SOLEDAD,13,19.2363869,-98.99528466
738,LA TURBA,11,19.2968718477509,-99.0568582051712
739,LA VALENCIANA,3,19.3898130802825,-99.0390123251798
740,LA VIGA,4,19.3723080994331,-99.1221539995821
741,LAGO NORTE,15,19.4461427337727,-99.1870801900526
742,LAGO SUR,19,19.4443691679385,-99.1884294150527
743,LAS AGUILAS,76,19.3598974,-99.2025825
744,Las Aguilas (AOB-3),51,19.3490351991135,-99.2211885002952
745,LAS AGUILAS 1A SECCIÓN,24,19.3579887339271,-99.2129405582198
746,LAS AGUILAS 2O PARQUE,7,19.35447211,-99.21830975
747,LAS AGUILAS 3ER PARQUE,10,19.3530294977298,-99.2207057002835
748,LAS AGUILAS SECCION HORNOS,8,19.3614558035994,-99.2040557000704
749,LAS AMÉRICAS,29,19.4011505854229,-99.2045601299276
750,LAS ANIMAS,13,19.2585607986589,-99.0180409004721
751,LAS ARBOLEDAS,99,19.3044633722756,-99.0596555536409
752,LAS ARMAS,6,19.4872401565177,-99.2172172335067
753,LAS CAMPANAS,7,19.3069550010745,-99.1189279002303
754,LAS CRUCES,59,19.3184646988362,-99.2538800997091
755,LAS FLORES,7,19.1989779448894,-99.1518951413464
756,LAS HUERTAS,4,19.29549047,-99.23766258
757,LAS LAJAS,18,19.3200338891223,-99.3318597942619
758,LAS MAROMAS,3,19.3304847018334,-99.329904999953
759,LAS PALMAS,9,19.3988592478592,-99.2106283889032
760,LAS PEÑAS,80,19.3349918464039,-99.0550839903855
761,LAS PERITAS,15,19.2714288,-99.1248093
762,LAS PUERTAS - BARRIO,12,19.2925802396433,-99.0187654327072
763,LAS SALINAS,8,19.4885500249422,-99.1661175617249
764,LAS TINAJAS,25,19.35553734,-99.2802722
765,LEGARIA,48,19.4561174432819,-99.1943879048351
766,LETRÁN VALLE,172,19.3750291978134,-99.1542030998258
767,LEYES DE REFORMA 1A SECCIÓN,108,19.3606459606153,-99.0697771976681
768,LEYES DE REFORMA 2A SECCIÓN,35,19.3661655999546,-99.0696962999544
769,LEYES DE REFORMA 3A SECCIÓN,292,19.3806396129494,-99.0686590180539
770,LI LEGISLATURA,3,19.4827946,-99.0928125
771,LIBERACIÓN,25,19.4691891869218,-99.1525588395303
772,LIBERACIÓN PROLETARIA,6,19.3805236749446,-99.2307773510884
773,LIBERALES DE 1857,37,19.3933038026666,-99.2127518004676
774,LIBERTAD,9,19.4790468,-99.178835
775,LINDAVISTA,528,19.4883279999842,-99.127064499958
776,LLANO REDONDO,13,19.3559506,-99.24512742
777,LOCAXCO,2,19.3510332160305,-99.2890684443404
778,LOMA BONITA,1,19.2711304953424,-99.1919027187622
779,LOMA DEL OCOTE,6,19.350917597415,-99.2865605003373
780,LOMA LA PALMA,134,19.545166040627,-99.1515373922844
781,LOMAS ALTAS,33,19.3926035703721,-99.239166148817
782,LOMAS ALTAS DE PADIERNA SUR,13,19.273596494378,-99.2256082374307
783,LOMAS AXOMIATLA,15,19.3432659557357,-99.2550173311578
784,LOMAS DE BECERRA,85,19.3851285852272,-99.220164211696
785,LOMAS DE BEZARES,20,19.3909397678651,-99.239050612739
786,LOMAS DE CAPULA,38,19.3774415752357,-99.2174203896356
787,LOMAS DE CHAMONTOYA,39,19.3133001991803,-99.2710911375352
788,LOMAS DE CHAPULTEPEC I SECCIÓN,379,19.4330730366738,-99.2099815999538
789,LOMAS DE CHAPULTEPEC IV SECCIÓN (LOMAS VIRREYES),20,19.420017158652,-99.2070918702898
790,LOMAS DE CUAUTEPEC,41,19.5697016022958,-99.1320833374585
791,LOMAS DE CUILOTEPEC,5,19.2713016375715,-99.2341385432913
792,LOMAS DE GUADALUPE,7,19.3430324997275,-99.2435113998663
793,LOMAS DE LA ERA,97,19.3274470867639,-99.2594789691621
794,LOMAS DE LA ESTANCIA,117,19.3363095025501,-99.0064898000973
795,LOMAS DE LAS ÁGUILAS,11,19.3437420023047,-99.2348116996991
796,LOMAS DE LOS ANGELES DEL PUEBLO TETELPAN,33,19.3452441621079,-99.212176376726
797,LOMAS DE LOS CEDROS,10,19.3378222,-99.2466874
798,LOMAS DE MEMETLA,27,19.3583206466762,-99.2850186925555
799,LOMAS DE NATIVITAS,5,19.2430640010856,-99.0897836001316
800,LOMAS DE PADIERNA,137,19.2939919092653,-99.2233509190697
801,LOMAS DE PLATEROS,152,19.3667300978675,-99.2013034206444
802,LOMAS DE PUERTA GRANDE,18,19.3582950025113,-99.2336347356195
803,LOMAS DE REFORMA,5,19.40007604001,-99.2338338535035
804,LOMAS DE SAN ÁNGEL INN,47,19.3426765977894,-99.2058048996715
805,LOMAS DE SAN BERNABÉ,68,19.3159828962415,-99.2626055995437
806,LOMAS DE SAN JUAN IXHUATEPEC 2A SECCIÓN,2,19.5099764143876,-99.1062442478391
807,LOMAS DE SAN LORENZO,380,19.3210649395985,-99.0687204099918
808,LOMAS DE SAN PEDRO,1,19.3533784025531,-99.2893971000848
809,LOMAS DE SANTA CRUZ,51,19.33368653,-99.03644708
810,LOMAS DE SANTA FE,260,19.3883749199659,-99.2405431248833
811,LOMAS DE SANTO DOMINGO,1,19.3942371402741,-99.2035649524203
812,LOMAS DE SOTELO,94,19.4396645984567,-99.2243506002231
813,LOMAS DE SOTELO I,22,19.4532006,-99.2174526
814,LOMAS DE TARANGO,82,19.3646058709005,-99.2111374039325
815,LOMAS DE TEPEMECATL,8,19.2404832001883,-99.2333337004728
816,LOMAS DE TONALCO,5,19.24513669,-99.09799291
817,LOMAS DE VISTA HERMOSA,60,19.3738033618854,-99.2671702250481
818,LOMAS DE ZARAGOZA,141,19.3499891962494,-98.9978945002096
819,LOMAS DEL CAPULIN,2,19.3051498,-99.2707142
820,LOMAS DEL CHAMIZAL,57,19.38799022,-99.26115153
821,LOMAS DEL PEDREGAL,3,19.2733469031335,-99.2186374999479
822,LOMAS DEL PEDREGAL FRAMBOYANES,8,19.3041106933381,-99.2213236474471
823,LOMAS EL MANTO,10,19.3507130886783,-99.0867067266647
824,LOMAS ESTRELLA,6,19.3161860981469,-99.0913974004414
825,LOMAS ESTRELLA 1A SECCION,23,19.3235771462009,-99.0966492933274
826,LOMAS ESTRELLA 2A SECCION,125,19.3216400983163,-99.0982367173961
827,LOMAS HERMOSA,21,19.4446218989851,-99.2140265302479
828,LOMAS HIDALGO,13,19.2754478993604,-99.2136405004165
829,LOMAS QUEBRADAS,59,19.3151468959864,-99.2414705997113
830,LORENZO BOTURINI,133,19.416600699349,-99.1255373002674
831,LORETO,63,19.33598866,-99.19602709
832,LOS ALPES,164,19.3576835,-99.19573604
833,LOS ÁNGELES,289,19.3406903194902,-99.0644568670491
834,LOS ÁNGELES (VILLA MILPA ALTA),10,19.189069862127,-99.0220788201175
835,LOS ÁNGELES APANOAYA,59,19.3403492360312,-99.0588057058053
836,LOS ARCOS,2,19.1957783976969,-99.1507602995478
837,LOS CEDROS,34,19.3276382015749,-99.2565769934017
838,LOS CIPRESES,75,19.3190733725479,-99.1276729696164
839,LOS CIRUELOS,30,19.3211889524282,-99.1328012326453
840,LOS ENCINOS,22,19.2766464,-99.2260695
841,LOS GAMITOS,2,19.3796985058948,-99.2376261561248
842,LOS GIRASOLES,105,19.3040653215766,-99.1246817567844
843,LOS MANZANOS,138,19.4455290007108,-99.1828321000635
844,LOS OLIVOS,93,19.3031878276069,-99.0569075867644
845,LOS PADRES,38,19.3166325448773,-99.2513105974018
846,LOS PICOS DE IZTACALCO SECCIÓN 1A,17,19.38934091,-99.11277972
847,LOS PICOS DE IZTACALCO SECCIÓN 1B,45,19.3890837402894,-99.1102303479707
848,LOS PICOS VI-B,28,19.3804908006436,-99.1051308003503
849,LOS REYES,165,19.3963127977933,-99.1174522995867
850,LOS REYES (DEL PUEBLO DE SAN ANDRÉS MIXQUIC),31,19.2273489274374,-98.9659980683747
851,LOS REYES CULHUACÁN,57,19.3452309133197,-99.1087191454411
852,LOS ROBLES,7,19.3144533,-99.133509
853,LOS SAUCES,2,19.3014686628938,-99.1162949809185
854,LOS VOLCANES,19,19.2699114,-99.1774142
855,LUIS DONALDO COLOSIO,17,19.5608538008362,-99.1461922001515
856,MADERO,12,19.4342706527394,-99.1109318558642
857,MAGDALENA ATLAZOLPA,29,19.3768084953721,-99.110816300014
858,MAGDALENA DE LAS SALINAS,304,19.4814544987333,-99.1353911000637
859,MAGDALENA MIXIUHCA,52,19.409444,-99.1141377
860,MAGISTERIAL,12,19.2949759010007,-99.1106849996204
861,MALACATES,27,19.5748370943677,-99.134740239105
862,MALVINAS MEXICANAS,2,19.4682256986432,-99.0629607004568
863,MANUEL GUTIERREZ NAJERA,8,19.3017491308399,-99.0409961425514
864,MANUEL RIVERA ANAYA CROC 1,8,19.5114086441333,-99.1966709763077
865,MANZANASTITLA,4,19.3671509380542,-99.2990774404241
866,MARGARITA MAZA DE JUÁREZ,22,19.3691228824521,-99.0695765417253
867,MARÍA ESTHER ZUNO DE ECHEVERRÍA,9,19.25680783,-99.18284933
868,MARIA G. DE GARCÍA RUIZ,38,19.3893049171313,-99.2107422856455
869,MARIANA,1,19.3348671374562,-99.1522209884616
870,MARIANO ESCOBEDO,44,19.4452701,-99.1825379
871,MARTÍN CARRERA,155,19.4887137005254,-99.1028759999745
872,MÁRTIRES DE RÍO BLANCO,66,19.4606995970235,-99.1120140995619
873,MÁRTIRES DE TLATELOLCO,7,19.3839041954502,-99.121160037717
874,MAXIMINO ÁVILA CAMACHO,22,19.4806860867575,-99.1360273199119
875,MAZA,43,19.4546992061686,-99.1293582962578
876,MEDIA LUNA,11,19.3007101175531,-99.1552474182269
877,MEMETLA,5,19.3597696967205,-99.28753079999
878,MERCED BALBUENA,156,19.4202622999941,-99.124007729779
879,MERCED GÓMEZ,190,19.36475803,-99.18997842
880,MESA DE LOS HORNOS,61,19.27887063,-99.18396789
881,METROPOLITANA 3A SECC,1,19.432608,-99.133209
882,MEXICALTZINGO,25,19.3569738435029,-99.1200193500314
883,MÉXICO NUEVO,54,19.4519371013896,-99.2012700001078
884,MICHOACANA,33,19.44627258139,-99.1121865871479
885,MIGUEL ALEMÁN,13,19.3899900255645,-99.1439927402474
886,MIGUEL DE LA MADRID,82,19.3441505040349,-99.0032235995451
887,MIGUEL GAONA ARMENTA,1,19.3551938023224,-99.2507517004403
888,MIGUEL HIDALGO,179,19.3081205549601,-99.0543654892478
889,MIGUEL HIDALGO 1A SECCIÓN,98,19.28822739,-99.18283372
890,MIGUEL HIDALGO 2A SECCIÓN,82,19.2802912978324,-99.192157099995
891,MIGUEL HIDALGO 3A SECCIÓN,111,19.285751199514,-99.2045162997619
892,MIGUEL HIDALGO 4A SECCIÓN,95,19.27527481,-99.20909161
893,MILITAR 1 K LOMAS DE SOTELO,8,19.4334602133634,-99.2232093745877
894,MILITAR MARTE,119,19.3842428863666,-99.132215680254
895,MILITAR SEDENA,16,19.3119366005899,-99.0808880000534
896,MINA LOS COYOTES,40,19.3602203702856,-99.2193466558106
897,MINAS CRISTO REY,81,19.3787428217726,-99.1991122980493
898,MINERVA,23,19.3513032,-99.1104368
899,MIRADOR DEL VALLE,6,19.2568311212074,-99.1833883093223
900,MIRADOR I,11,19.2716950639322,-99.2191569153526
901,MIRADOR II,13,19.2691535000982,-99.2219163000407
902,MIRAVALLE,63,19.3617384854502,-99.1427330833
903,MIXCOAC,158,19.3709532568765,-99.1886027533239
904,MIXCOATL,33,19.3239110986166,-99.0485866000063
905,MOCTEZUMA 1A SECCIÓN,123,19.4259152,-99.10407282
906,MOCTEZUMA 2A SECCIÓN,579,19.4312585973188,-99.1007231996517
907,MODELO PENSIL,35,19.4445063956452,-99.1895594999096
908,MODERNA,166,19.3952733349305,-99.1346764590829
909,MOLINO DE ROSAS,1,19.3699030030213,-99.2005524000649
910,MOLINO DE SANTO DOMINGO,47,19.3926205023296,-99.209641789284
911,MOLINO DEL REY,10,19.4253555706325,-99.2035209735323
912,MONTE ALBAN,2,19.3550091935144,-99.0210362937663
913,MONTE ALTO,7,19.4793767659103,-99.1568595421205
914,MONTE DE PIEDAD,41,19.345409400636,-99.1711684377592
915,MORAZAN,1,19.4256045822713,-99.1204760022966
916,MORELOS,1139,19.4513921280061,-99.1248931669637
917,MOSCO CHINAMPA,8,19.3889831649555,-99.101049414909
918,NO REPORTADA,3846,19.432608,-99.133209
919,NAPOLES,482,19.3910781980696,-99.1790250996715
920,NARCISO BASSOLS,27,19.4562563072344,-99.0545708482517
921,NARCISO MENDOZA SUPER MANZANA 2 VILLA COAPA,34,19.28839799664,-99.128476799716
922,NARCISO MENDOZA SUPER MANZANA 3 VILLA COAPA,29,19.2853538963486,-99.1250927818834
923,NARCISO MENDOZA SUPER MANZANA 4 VILLA COAPA,54,19.2917326018515,-99.1249060002418
924,NARCISO MENDOZA SUPER MANZANA 5 VILLA COAPA,29,19.2917562809735,-99.1274551881211
925,NARCISO MENDOZA SUPER MANZANA 6 VILLA COAPA,21,19.2936326983521,-99.121346100214
926,NARVARTE,1188,19.388321696299,-99.1508523022739
927,NATIVITAS,179,19.3801525989049,-99.1392664269661
928,NATIVITAS (PUEBLO SAN LUCAS XOCHIMANCA),2,19.2477128,-99.1069623
929,NEXTENGO,45,19.4719556027322,-99.1873343995488
930,NEXTITLA,22,19.4550709235702,-99.1715497657933
931,NICOLÁS BRAVO,43,19.4535888,-99.1219836
932,NIÑOS HÉROES,150,19.388407496188,-99.1446560283384
933,NOCHEBUENA,52,19.3808129423863,-99.1767883839492
934,NOCHTLA (SAN PEDRO ATOCPAN),15,19.2124593064384,-99.0485405969311
935,NONOALCO TLATELOLCO,338,19.4569150661743,-99.148075304864
936,NORMA FOVISSSTE,1,19.3629939,-99.0747116
937,NOXCALCO,1,19.2086812753735,-98.982390477447
938,NUEVA ATZACOALCO,199,19.493517796854,-99.0910856901291
939,NUEVA DIAZ ORDAZ,6,19.3258137,-99.1476112
940,NUEVA EL ROSARIO,2,19.5016527998983,-99.1895591003597
941,NUEVA ESPAÑA,15,19.49737236,-99.18666012
942,NUEVA INDUSTRIAL VALLEJO,216,19.5059146520678,-99.1503973630337
943,NUEVA ORIENTAL COAPA,26,19.29895401,-99.13116641
944,NUEVA ROSITA,36,19.37719404,-99.107309
945,NUEVA SANTA ANITA,56,19.39928344,-99.12639807
946,NUEVA SANTA MARIA,143,19.4645758150275,-99.1640345699386
947,NUEVA TENOCHTITLAN,71,19.4555694014619,-99.1041130997482
948,NUEVA TENOCHTITLÁN,3,19.280112,-99.057536
949,NUEVA TOTOTITLA,1,19.2250487010381,-99.096016483854
950,NUEVA VALLEJO,203,19.50016695,-99.1537828
951,NUEVO BARRIO SAN RAFAEL,23,19.48785,-99.1870266
952,OBRERA,638,19.4089936735114,-99.1372851576861
953,OBRERO POPULAR,50,19.4620515969513,-99.1756510002927
954,OBSERVATORIO,67,19.406214710616,-99.1956068002422
955,OCOTILLOS DEL PUEBLO TETELPAN,2,19.3395576713473,-99.2383089006904
956,OCOTITLA (SAN PEDRO ATOCPAN),22,19.1990811147758,-99.0498826109751
957,OCOTLA,4,19.2107214396057,-99.1592293066929
958,OJITO DE AGUA,10,19.3469384780716,-99.0252362165602
959,OJO DE AGUA,38,19.2899504958674,-99.0151182751335
960,OLÍMPICA,10,19.3023486062047,-99.1682464567948
961,OLIVAR DE LOS PADRES,104,19.3329782207519,-99.2281304696771
962,OLIVAR DEL CONDE 1A SECCIÓN,142,19.3760037651327,-99.2043498326078
963,OLIVAR DEL CONDE 2A SECCIÓN,142,19.372959697456,-99.2132341000176
964,P.E.Z.,10,19.3727842337373,-99.2072219914489
965,P.R.I.,3,19.3544269715457,-99.0725210768065
966,PACIFICO,7,19.3398968,-99.1524002
967,PALMAS,58,19.3766445887589,-99.2136274641804
968,PALMATITLA,56,19.5521763116628,-99.1288899157437
969,PALMITAS,55,19.3307527801942,-99.0262547644021
970,PALO ALTO,48,19.3857224487304,-99.2539112754846
971,PANAMERICANA,5,19.4770408666153,-99.1395980213556
972,PANCHIMALCO (SAN PEDRO ATOCPAN),13,19.20104612,-99.04573151
973,PANTEON FRANCES,13,19.4498271019647,-99.203524799603
974,PANTEON SANTA FE,6,19.3839237317321,-99.2312553115183
975,PARAÍSO,61,19.3923519795771,-99.2122738983109
976,PARAJE 38,18,19.2660372602965,-99.2097513710574
977,PARAJE SAN JUAN,71,19.3415492022469,-99.0708812001666
978,PARAJE SAN JUAN CERRO,30,19.3459755351312,-99.0799931270049
979,PARAJE TETENCO,4,19.2634525991076,-99.1812528997382
980,PARAJE ZACATEPEC,78,19.3565923991966,-99.0231229997241
981,PARQUE DEL PEDREGAL,34,19.29657384,-99.19251262
982,PARQUE ECOLOGICO DE XOCHIMILCO,49,19.2957633811508,-99.1005950480434
983,PARQUE LAS AGUILAS,19,19.3529943186422,-99.2160672322564
984,PARQUE METROPOLITANO,8,19.5695507003258,-99.1300055487369
985,PARQUE NACIONAL BOSQUE DEL PEDREGAL,16,19.2970153412652,-99.2131909033189
986,PARQUE NACIONAL CERRO  DE LA ESTRELLA,12,19.3503378,-99.0932105
987,PARQUE RECREATIVO SANTA CRUZ MEYEHUALCO,9,19.36197984,-99.04894315
988,PARQUE SAN ANDRÉS,129,19.3435537173266,-99.1469132793726
989,PARQUE TARANGO,6,19.3459835781581,-99.2509980453747
990,PARRES EL GUARDA,27,19.1318452170063,-99.1796050047779
991,PASEO DE LAS LOMAS,13,19.3695346,-99.2671951
992,Paseo de las Lomas (Alta Vista),2,19.3716983304758,-99.2697040999526
993,PASEOS DE CHURUBUSCO,116,19.3839771590928,-99.0873773754319
994,PASEOS DE TAXQUEÑA,88,19.3442756593391,-99.1229219124135
995,PASEOS DEL SUR,14,19.274769674677,-99.1235863561997
996,PASTEROS,74,19.4909339887487,-99.1942754994381
997,PATRIMONIO FAMILIAR,9,19.4680304027091,-99.1510896891571
998,PAULINO NAVARRO,53,19.4104655282085,-99.1296431400447
999,PEDREGAL 2,2,19.3084350365188,-99.2285120721711
1000,PEDREGAL DE AMINCO,1,19.2013848013366,-99.1342931999734
1001,PEDREGAL DE CARRASCO,12,19.3053447038229,-99.1749313705134
1002,PEDREGAL DE COYOACÁN,4,19.3354938554807,-99.1618345985431
1003,PEDREGAL DE LA ZORRA,23,19.3067836975337,-99.1609098999888
1004,PEDREGAL DE LAS ÁGUILAS,13,19.2717234516997,-99.1720139012007
1005,PEDREGAL DE MONSERRAT,7,19.3212836660978,-99.1523069192994
1006,PEDREGAL DE SAN FRANCISCO,14,19.339250031763,-99.1696348262194
1007,PEDREGAL DE SAN NICOLÁS 1A SECCIÓN,60,19.2953660210484,-99.2329767769793
1008,PEDREGAL DE SAN NICOLÁS 2A SECCIÓN,37,19.287275335311,-99.238243956242
1009,PEDREGAL DE SAN NICOLÁS 3A SECCIÓN,77,19.2827300957901,-99.2326311003948
1010,PEDREGAL DE SAN NICOLÁS 4A SECCIÓN,79,19.2761627012542,-99.2366122002843
1011,PEDREGAL DE SANTA URSULA,340,19.3107927161861,-99.1601152749887
1012,PEDREGAL DE SANTA ÚRSULA XITLA,32,19.27235167,-99.18098571
1013,PEDREGAL DE SANTO DOMINGO,625,19.3251291975607,-99.1727732003039
1014,PEDREGAL DEL LAGO,4,19.31061674,-99.22393102
1015,PEDREGAL DEL MAUREL,14,19.3095949224088,-99.175150417219
1016,PEDREGAL DEL SUR,19,19.3029390031909,-99.1723876012957
1017,PEÑA ALTA,23,19.2303148782504,-99.0007169958109
1018,PEÑA POBRE,48,19.2959181621473,-99.1848123760308
1019,PENITENCIARIA,31,19.43412083,-99.11101739
1020,PEÑÓN DE LOS BAÑOS,180,19.4396467,-99.0826827
1021,PENSADOR MEXICANO,246,19.439573496248,-99.0891853997768
1022,PENSIL NORTE,98,19.4509266008965,-99.1943226002023
1023,PENSIL SUR,37,19.4454739697079,-99.1959092976828
1024,PERALITOS,12,19.4491744950992,-99.1855802953661
1025,PERALVILLO,283,19.4576398040954,-99.1291997000632
1026,PERIODISTA,174,19.4490459804532,-99.2199766478623
1027,PETROLERA,46,19.4827310003824,-99.1992413430359
1028,PETROLERA TAXQUEÑA,7,19.3397273027568,-99.1313592996397
1029,PIEDAD NARVARTE,296,19.4018630142979,-99.1554271698189
1030,PILARES AGUILAS,33,19.3560487831591,-99.2013943643326
1031,PILOTO ADOLFO LÓPEZ MATEOS,92,19.370442302712,-99.2275059997087
1032,PIRU SANTA LUCIA,4,19.3627956016021,-99.2433415995977
1033,PISTA OLIMPICA VIRGILIO URIBE (CANAL DE CUEMANCO),19,19.2945041510693,-99.1024107767215
1034,PLAN DE AYALA,1,19.2378530201088,-99.1490899093621
1035,PLAN DE BARRANCAS,1,19.4024710982246,-99.2315450002958
1036,PLAN DE IGUALA,8,19.3535785288805,-99.087235358296
1037,PLANETARIO LINDAVISTA,6,19.4942459046349,-99.1401031333427
1038,PLAZA COAPA,48,19.2923247914793,-99.1241547618983
1039,PLAZA ORIENTE,17,19.4846529386964,-99.0946691313203
1040,PLAZUELA DEL PEDREGAL,2,19.3038958092882,-99.2321174752177
1041,PLENITUD,35,19.4729379026055,-99.1960453999629
1042,PLUTARCO ELÍAS CALLES,29,19.4561408099495,-99.1662137684636
1043,PODER POPULAR MERCED GOMEZ,6,19.3636475937897,-99.2038336071247
1044,POLANCO,887,19.4315829631384,-99.1861510749327
1045,POLOTLAN,5,19.2815197464227,-99.1627821246771
1046,PÓLVORA,14,19.3925405543784,-99.2053130009955
1047,PONCIANO ARRIAGA,7,19.35922492,-99.22936744
1048,POPO,17,19.4454478001081,-99.1983360998609
1049,POPOTLA,223,19.4554702,-99.1813079
1050,POPULAR RASTRO,78,19.4518640177879,-99.1199766348795
1051,POPULAR SANTA TERESA,37,19.30173337,-99.22463132
1052,PORTALES ORIENTE,79,19.3668495316804,-99.1395179225288
1053,PORTALES SUR,675,19.35788604629,-99.1529272202261
1054,PORVENIR,41,19.4705044014901,-99.1450585003323
1055,POSTAL,77,19.3903749083924,-99.1429922327725
1056,POTRERILLO,22,19.3066279140146,-99.2547670278941
1057,POTRERO DE SAN BERNARDINO,49,19.2675835384457,-99.121930688116
1058,POTRERO DEL LLANO,9,19.4751075545185,-99.1608774385428
1059,PQUE ECOLOGICO IND. TECNOLOGICO DE LA CIUDAD DE M?XICO (FINSA),29,19.3711360260473,-99.0567941169785
1060,PRADO CHURUBUSCO,76,19.355286304289,-99.1251758000472
1061,PRADO COAPA 1A SECCIÓN,7,19.3040317647497,-99.1318849801252
1062,PRADO COAPA 2A SECCIÓN,27,19.2958529683543,-99.1327352370333
1063,PRADO COAPA 3A SECCIÓN,43,19.29546468,-99.13227035
1064,PRADOS DE COYOACÁN,28,19.3208214801898,-99.1327825820722
1065,PRADOS DE CUAUTEPEC,6,19.5612208996534,-99.1423671996425
1066,PRADOS DEL ROSARIO,28,19.50778969,-99.21115979
1067,PRECONCRETO,5,19.3751347,-99.21064731
1068,PREDIO EL MOLINO,84,19.28867449823,-99.0733381004083
1069,PRESIDENTE MADERO,35,19.4965001,-99.200823
1070,PRESIDENTES,34,19.37351449357,-99.2246980317543
1071,PRESIDENTES DE MÉXICO,117,19.3355917,-99.0611269
1072,PRESIDENTES EJIDALES,46,19.3249720914613,-99.1237612114827
1073,PRIVADA DEL RINCON,5,19.3528103530047,-99.2457822314798
1074,PROGRESISTA,62,19.3549328016976,-99.0631759995412
1075,PROGRESO,126,19.3405115542674,-99.20280913665
1076,PROGRESO DEL SUR,20,19.35248802,-99.11220388
1077,PROGRESO NACIONAL,70,19.5149657642023,-99.1611322533606
1078,PROGRESO TIZAPAN,86,19.3374399221229,-99.1968449776303
1079,PRO-HOGAR,151,19.4780878969837,-99.1554057997149
1080,PROLONGACION LOS ANGELES,2,19.2121068998968,-99.1566270599647
1081,PROVIDENCIA,265,19.483348103421,-99.0744584999411
1082,PUEBLA,124,19.4109675654826,-99.0814451508438
1083,PUEBLO CULHUACÁN,94,19.3380634959147,-99.1089692002931
1084,PUEBLO DE LA MAGDALENA MIXIUHCA,110,19.4094525,-99.1179922
1085,PUEBLO DE LOS REYES,120,19.3358106470305,-99.1589516791742
1086,PUEBLO DE SAN PABLO TEPETLAPA,56,19.3225716499354,-99.1396252857818
1087,PUEBLO DE SANTA URSULA COAPA,100,19.3148943068022,-99.1437280601936
1088,PUEBLO LA CANDELARIA,67,19.3294664102971,-99.1542085455852
1089,PUEBLO NATIVITAS,36,19.2400491676159,-99.0943608834538
1090,PUEBLO NUEVO,11,19.3806008491865,-99.2381024154487
1091,PUEBLO NUEVO ALTO,56,19.3052264617667,-99.2485990454725
1092,PUEBLO NUEVO BAJO,18,19.3040719727841,-99.2447456956718
1093,PUEBLO QUIETO,16,19.3003077767028,-99.1618629675121
1094,Pueblo San Antonio Tecomitl (LAS ARBOLEDAS),2,19.21051444,-98.98203529
1095,Pueblo San Antonio Tecomitl (LAS JOYAS),1,19.208606298646,-98.9852359959352
1096,Pueblo San Antonio Tecomitl Barrio Xochitepec,15,19.21518834,-98.99128812
1097,PUEBLO SANTA FE,143,19.3812480793676,-99.2411758531183
1098,PUENTE BLANCO,82,19.3273779461277,-99.0633477593192
1099,PUENTE COLORADO,42,19.3464273288462,-99.2291718011631
1100,PUENTE SIERRA,2,19.3308425957314,-99.2123839004699
1101,PUERTA GRANDE,6,19.3575048683251,-99.2305183780931
1102,PUERTA GRANDE REACOMODO,19,19.3556256069649,-99.231619064144
1103,PUNTA DE CEHUAYA,17,19.3601025999397,-99.2380531998895
1104,PURÍSIMA ATLAZOLPA,37,19.3795906739678,-99.1075474138945
1105,QUETZALCOATL,6,19.3396158499605,-99.129852017736
1106,QUIAHUATLA,45,19.2608083983847,-99.0052954998687
1107,QUIRINO MENDOZA,4,19.2322846102925,-99.1141998485404
1108,QUIRINO MENDOZA (TULYEHUALCO),14,19.2580055,-99.02204571
1109,RANCHO LOS COLORINES,6,19.28607065,-99.13661844
1110,RANCHO TEJOMULCO,15,19.2463223819722,-99.0851006955323
1111,REACOMODO BELEN DE LAS FLORES,18,19.3973420769853,-99.2127610531204
1112,REACOMODO PINO SUÁREZ,3,19.3957859047057,-99.2048476522572
1113,REAL DE LAS LOMAS,4,19.397200476619,-99.2368335046223
1114,REAL DEL BOSQUE,3,19.386864002677,-99.2226122256463
1115,REAL DEL MONTE,13,19.3952289962019,-99.2005156345358
1116,REAL DEL MORAL,50,19.38866103,-99.08248193
1117,REAL DEL SUR,6,19.299508,-99.1231336
1118,REFINERÍA 18 DE MARZO,10,19.465652841026,-99.1958694990091
1119,REFORMA EDUCATIVA,7,19.3856662357083,-99.0514960694017
1120,REFORMA IZTACCIHUATL NORTE,50,19.3900096801322,-99.1313145681251
1121,REFORMA IZTACCIHUATL SUR,44,19.37680206,-99.12546009
1122,REFORMA PENSIL,54,19.4496769038785,-99.1909151997032
1123,REFORMA POLÍTICA,203,19.3443906,-99.02794979
1124,REFORMA SOCIAL,38,19.4340818204837,-99.2141389856512
1125,RENOVACIÓN,116,19.366554700075,-99.0493930002264
1126,RESERVA ECOLOGICA TORRES DE POTRERO,2,19.3333170460698,-99.239607819474
1127,RESIDENCIAL ACOXPA,24,19.2990184986342,-99.1255544004408
1128,RESIDENCIAL ACUEDUCTO DE GUADALUPE,62,19.5264947333775,-99.1523176871021
1129,RESIDENCIAL ALDAMA,8,19.2791300960229,-99.1267086995863
1130,RESIDENCIAL EMPERADORES,47,19.3697687953522,-99.157550400448
1131,RESIDENCIAL HACIENDA COAPA,6,19.3011967984586,-99.1169632002435
1132,RESIDENCIAL LA ESCALERA,33,19.510571877113,-99.1379965789471
1133,RESIDENCIAL MAR DE LA TRANQUILIDAD,2,19.30966345,-99.13598206
1134,RESIDENCIAL MIRAMONTES,42,19.3031977537222,-99.1230945966065
1135,RESIDENCIAL PEDREGAL PICACHO,1,19.3106583249775,-99.219359156241
1136,RESIDENCIAL VILLA COAPA SUPER MANZANA 1,15,19.2906663991455,-99.1199569001167
1137,RESIDENCIAL VILLA COAPA SUPER MANZANA 4,11,19.2893328,-99.1202026
1138,RESIDENCIAL VILLA COAPA SUPER MANZANA 8,9,19.2937212131665,-99.1216816104121
1139,RESIDENCIAL ZACATENCO,166,19.498806299456,-99.1245101271936
1140,REVOLUCIÓN,57,19.4373357962584,-99.1043966002319
1141,REYNOSA TAMAULIPAS,73,19.4945763129877,-99.1879433208853
1142,RICARDO FLORES MAGON,28,19.3539468561436,-99.099187849508
1143,RINCÓN DE LA BOLSA,9,19.3317885093866,-99.2510623238435
1144,RINCÓN DE SAN JUAN,1,19.2892754964228,-99.1398975918635
1145,RINCON DEL BOSQUE,15,19.4308974995206,-99.1825009998693
1146,RINCÓN DEL PEDREGAL,8,19.3113468497651,-99.2196013836009
1147,RINCONADA COAPA 1A SECCIÓN,6,19.2911688826973,-99.1113423794565
1148,RINCONADA COAPA 2A SECCIÓN,20,19.2977244501534,-99.1161251657258
1149,RINCONADA DE LOS REYES,14,19.3307560984526,-99.1571858995512
1150,RINCONADA DE TARANGO,2,19.3463779629238,-99.2540188566195
1151,RINCONADA DEL SUR,7,19.2606837198637,-99.1204023786741
1152,RINCONADA LAS CUEVITAS,7,19.3583587983998,-99.2380784004387
1153,RINCONADA LAS HADAS,32,19.2967006963284,-99.1203671001998
1154,RINCONADA LAS PLAYAS INFONAVIT,5,19.3102167016974,-99.1717358999415
1155,ROMA NORTE,1276,19.4167278485159,-99.163446111748
1156,ROMA SUR,467,19.4059857295655,-99.165808893102
1157,ROMERO DE TERREROS,124,19.3405867,-99.1750995
1158,ROMERO RUBIO,148,19.440022303143,-99.1002180999929
1159,RÓMULO SANCHEZ MIRELES,4,19.2982982512302,-99.1765265212049
1160,ROSARIO TLALI,36,19.237708931329,-99.144966247544
1161,ROSAS DEL TEPEYAC,15,19.4929763019467,-99.1142793002753
1162,ROSEDAL,8,19.337370341915,-99.150052538581
1163,SACRAMENTO,25,19.378178593614,-99.1987772873009
1164,SALVADOR DÍAZ MIRÓN,122,19.4888713169911,-99.0986222913057
1165,SAN AGUSTIN,10,19.2410010746846,-98.9969272315662
1166,SAN AGUSTIN (VILLA MILPA ALTA),20,19.1869880592149,-99.0153010026498
1167,SAN AGUSTÍN DEL PUEBLO TETELPAN,1,19.3439345569893,-99.222793730829
1168,SAN AGUSTIN OHTENCO,13,19.1933360630195,-99.0125488314797
1169,SAN ÁLVARO,61,19.46053512,-99.18740107
1170,SAN ANDRÉS,98,19.2668148036643,-99.003612599724
1171,SAN ANDRÉS AHUAYUCAN,44,19.2204660961176,-99.1038844999762
1172,SAN ANDRÉS DE LAS SALINAS,12,19.49002588,-99.15244272
1173,SAN ANDRÉS TETEPILCO,117,19.3704987986861,-99.1366650995503
1174,SAN ANDRÉS TOMATLÁN,27,19.3281456,-99.1044813
1175,SAN ANDRES TOMATLAN - ZONA URBANA,11,19.32769778,-99.10332999
1176,SAN ANDRÉS TOTOLTEPEC,413,19.2651243965064,-99.1994849003582
1177,SAN ANGEL,294,19.3500144972365,-99.1909652002968
1178,SAN ANGEL INN,18,19.3473521,-99.1956027
1179,SAN ANTONIO,162,19.4796723013076,-99.2001650998461
1180,SAN ANTONIO CULHUACÁN,38,19.3395737005387,-99.1101239000434
1181,SAN BARTOLO AMEYALCO,170,19.3309716179895,-99.2673070228931
1182,SAN BARTOLO ATEPEHUACAN,91,19.4929182986159,-99.1452628999776
1183,SAN BARTOLO CAHUALTONGO,38,19.4823315,-99.2009396
1184,SAN BARTOLO EL CHICO,27,19.2840453658599,-99.1275988868589
1185,SAN BARTOLO NAUCALPAN (NAUCALPAN CENTRO) - PUEBLO,1,19.432608,-99.133209
1186,SAN BARTOLOMÉ (DEL PUEBLO DE SAN ANDRÉS MIXQUIC),20,19.2296776989542,-98.962606699656
1187,SAN BARTOLOMÉ XICOMULCO,23,19.2053403973991,-99.0695492000729
1188,SAN BERNABÉ,9,19.4691851969625,-99.1730572138975
1189,SAN BERNABÉ OCOTEPEC,107,19.3160474465586,-99.2572667045648
1190,SAN BUENAVENTURA,2,19.2848888454123,-99.1592336549192
1191,SAN CLEMENTE NORTE,19,19.3495366740283,-99.2273948684777
1192,SAN CLEMENTE SUR,23,19.3464210042601,-99.2243927998181
1193,SAN DIEGO CHURUBUSCO,84,19.3541374,-99.1486622
1194,SAN DIEGO OCOYOACAC,64,19.4636900735337,-99.1928424350342
1195,SAN FELIPE,15,19.2534796212587,-99.0184684733091
1196,SAN FELIPE DE JESÚS,413,19.4907989959878,-99.0718594140348
1197,SAN FRANCISCO,20,19.3101080559406,-99.2317991861682
1198,SAN FRANCISCO CULHUACAN,229,19.3346562994007,-99.1156883252536
1199,SAN FRANCISCO TECOXPA,21,19.20317243,-99.00473251
1200,SAN FRANCISCO TETECALA,72,19.4788024448794,-99.1901066974443
1201,SAN FRANCISCO TLALNEPANTLA,41,19.1997820010936,-99.1220962003935
1202,SAN FRANCISCO TLALTENCO,136,19.2955887005793,-99.0149229001849
1203,SAN FRANCISCO XICALTONGO,42,19.3940639629901,-99.1248675661572
1204,SAN FRANCISCO XOCOTITLA,58,19.46833506,-99.1442563
1205,SAN GREGORIO ATLAPULCO,213,19.25578696,-99.04739318
1206,SAN IGNACIO,71,19.3617540683691,-99.0947332803117
1207,SAN ISIDRO,17,19.2560680894133,-99.013720155158
1208,SAN ISIDRO TULYEHUALCO,14,19.25771958,-99.01181784
1209,SAN JERÓNIMO,18,19.251085500581,-99.0941546997225
1210,SAN JERÓNIMO ACULCO,103,19.319825100358,-99.2260359004127
1211,SAN JERÓNIMO LÍDICE,231,19.3267145865393,-99.2206945318313
1212,SAN JERÓNIMO MIACATLÁN,7,19.1908063,-99.0059861
1213,SAN JOAQUÍN,20,19.4550633043401,-99.210564400166
1214,SAN JOSÉ,67,19.2800222036937,-98.9959890745335
1215,SAN JOSÉ (SANTA ANA TLACOTENCO),27,19.1787012241066,-99.0039859296701
1216,SAN JOSÉ ACULCO,95,19.3764043985696,-99.0988686561366
1217,SAN JOSÉ BUENAVISTA,25,19.3242328375908,-99.0321282155772
1218,SAN JOSÉ DE LA ESCALERA,35,19.5288484046587,-99.1700428653857
1219,SAN JOSÉ DE LOS CEDROS,157,19.3624686111884,-99.2878132432304
1220,SAN JOSÉ DEL OLIVAR,30,19.3341786,-99.2398228
1221,SAN JOSÉ INSURGENTES,243,19.3705631,-99.1861247
1222,SAN JOSÉ TICOMÁN,34,19.50335659,-99.13295867
1223,SAN JUAN,91,19.3799137468393,-99.1871043249637
1224,SAN JUAN (SAN PABLO OZTOTEPEC),26,19.1839591978591,-99.065086699788
1225,SAN JUAN DE ARAGÓN,166,19.4671917514558,-99.0804355813059
1226,SAN JUAN DE ARAGÓN I SECCIÓN,139,19.4623542,-99.0947803
1227,SAN JUAN DE ARAGÓN II SECCIÓN,91,19.4490544679216,-99.0900375465687
1228,SAN JUAN DE ARAGÓN III SECCIÓN,77,19.4522289833995,-99.0698228519156
1229,SAN JUAN DE ARAGÓN IV SECCIÓN,201,19.4567353015342,-99.0709598002346
1230,SAN JUAN DE ARAGÓN V SECCIÓN,26,19.4527293036754,-99.0599700002268
1231,SAN JUAN DE ARAGÓN VI SECCIÓN,67,19.4686413187847,-99.0692110560613
1232,SAN JUAN DE ARAGÓN VII SECCIÓN,86,19.4692120291523,-99.077577486452
1233,SAN JUAN ESTRELLA,21,19.32911443,-99.07038443
1234,SAN JUAN JOYA,52,19.3370638261439,-99.0668772390396
1235,SAN JUAN TEPENAHUAC II,9,19.1882756203693,-98.9922967691244
1236,SAN JUAN TEPEPAN,41,19.2757237835191,-99.1294051943093
1237,SAN JUAN TEPEXIMILPA,17,19.27024561,-99.19108004
1238,SAN JUAN TLIHUACA,92,19.4929381987961,-99.2047538999251
1239,SAN JUAN XALPA,219,19.33442583,-99.07489722
1240,SAN JUAN Y GUADALUPE TICOMÁN,39,19.5207962981294,-99.131670599977
1241,SAN JUANICO,48,19.4519441972857,-99.1861732996209
1242,SAN JUANICO NEXTIPAC,32,19.3733299136023,-99.1214616458073
1243,SAN LORENZO,36,19.3034971459785,-99.0702800413354
1244,SAN LORENZO ACOPILCO,60,19.328743,-99.3272536
1245,SAN LORENZO ATEMOAYA,43,19.2422928966131,-99.0965200289903
1246,SAN LORENZO HUIPULCO,125,19.295458918887,-99.1477755953234
1247,SAN LORENZO LA CEBADA,162,19.2807159984956,-99.1221120999233
1248,SAN LORENZO TEZONCO,108,19.3078828,-99.067946
1249,SAN LORENZO TEZONCO FOVISSSTE,9,19.3377398943534,-99.0725656880135
1250,SAN LORENZO TLACOYUCAN,12,19.1808943648717,-99.0298656800727
1251,SAN LORENZO TLALTENANGO,18,19.467403641709,-99.208986858672
1252,SAN LORENZO XICOTENCATL,44,19.3823752011918,-99.0271102999185
1253,SAN LUCAS,139,19.36018044,-99.09490756
1254,SAN LUCAS ORIENTE,11,19.2443726980891,-99.1071619000159
1255,SAN LUCAS XOCHIMANCA,107,19.23976444,-99.11960882
1256,SAN MARCOS,155,19.4897666096125,-99.1787673500748
1257,SAN MARCOS (SANTA ANA TLACOTENCO),17,19.1745712106203,-98.9957598060484
1258,SAN MARCOS NORTE,78,19.2687070659472,-99.1150607425582
1259,SAN MARTÍN XOCHINAHUAC,120,19.4999928124344,-99.1945987308007
1260,SAN MATEO,89,19.3492600002909,-99.1465536559699
1261,SAN MATEO (VILLA MILPA ALTA),24,19.189079,-99.0295934
1262,SAN MATEO TLALTENANGO,120,19.3410106323567,-99.2770563704413
1263,SAN MATEO XALPA,160,19.2291796412457,-99.118063929577
1264,SAN MIGUEL,357,19.39241150438,-99.1193780931606
1265,SAN MIGUEL (DEL PUEBLO DE SAN ANDRÉS MIXQUIC),11,19.2233721806321,-98.9655587143936
1266,SAN MIGUEL (SAN PABLO OZTOTEPEC),43,19.189878815941,-99.0814423593921
1267,SAN MIGUEL (SANTA ANA TLACOTENCO),10,19.175673453956,-99.0010141883778
1268,SAN MIGUEL 1 SECCION,1,19.4724057558942,-99.0884622495116
1269,SAN MIGUEL AJUSCO,124,19.2268221000643,-99.1973828001891
1270,SAN MIGUEL AMANTLA,75,19.4787374308107,-99.2043522553586
1271,SAN MIGUEL CHAPULTEPEC,309,19.4092595969787,-99.1883315360057
1272,SAN MIGUEL TEHUISCO,15,19.20801577,-99.16158026
1273,SAN MIGUEL TEOTONGO,291,19.3466583765596,-98.985691567292
1274,SAN MIGUEL TOPILEJO,214,19.1995287724457,-99.1427799971655
1275,SAN MIGUEL XICALCO,42,19.2347818035852,-99.1620248000885
1276,SAN MIGUEL ZAPOTITLA,71,19.306069372035,-99.0285682098833
1277,SAN NICOLÁS 2,27,19.2683084,-99.2362829
1278,SAN NICOLÁS TETELCO,31,19.2183251305261,-98.9763011182629
1279,SAN NICOLÁS TOLENTINO,11,19.3143469542031,-99.0886385986591
1280,SAN NICOLÁS TOTOLAPAN,154,19.2972305019463,-99.2414317003832
1281,SAN PABLO - BARRIO,66,19.3566748603896,-99.0866332226772
1282,SAN PABLO CHIMALPA,37,19.3505584535949,-99.3177667234575
1283,SAN PABLO XALPA,21,19.504284503288,-99.1831668294929
1284,SAN PEDRO,120,19.3608122370251,-99.0875988714935
1285,SAN PEDRO APÓSTOL,11,19.2957293482745,-99.1742747805786
1286,SAN PEDRO DE LOS PINOS,457,19.3880449,-99.185752
1287,SAN PEDRO EL CHICO,93,19.4788842838139,-99.0974335396221
1288,SAN PEDRO MÁRTIR,199,19.2690540066155,-99.1705082098533
1289,SAN PEDRO MÁRTIR FOVISSSTE,2,19.2744078136218,-99.1602553658958
1290,SAN PEDRO XALPA,81,19.484193498614,-99.2091219003666
1291,SAN PEDRO ZACATENCO,110,19.5032735519114,-99.1150960932767
1292,SAN RAFAEL,423,19.4368246,-99.1682508
1293,SAN RAFAEL TICOMÁN,16,19.513448760039,-99.1241354992009
1294,SAN SALVADOR CUAUHTENCO SECCION I,16,19.1928112969497,-99.0837398001377
1295,SAN SALVADOR CUAUHTENCO SECCION II,3,19.1890196,-99.0868305
1296,SAN SALVADOR CUAUHTENCO SECCION III,21,19.189008804525,-99.089824495446
1297,SAN SALVADOR CUAUHTENCO SECCION IV,16,19.1958799900644,-99.0905574042984
1298,SAN SALVADOR XOCHIMANCA,19,19.4595099854562,-99.1783346940095
1299,SAN SEBASTIÁN,36,19.4793925,-99.17787556
1300,SAN SEBASTIÁN TECOLOXTITLA,54,19.3632347020206,-99.0170638004637
1301,SAN SIMÓN CULHUACÁN,11,19.3336861,-99.1031123
1302,SAN SIMÓN TICUMAC,163,19.3759552532896,-99.1423524459982
1303,SAN SIMÓN TOLNAHUAC,177,19.45934176,-99.14551304
1304,SANTA  CECILIA TEPETLAPA,3,19.1997517660796,-99.1069831454771
1305,SANTA ANA,7,19.2691264777972,-99.0054114488736
1306,SANTA ANA CENTRO,14,19.297335800611,-99.0413269002091
1307,SANTA ANA NORTE,28,19.3026830985272,-99.0372036002386
1308,SANTA ANA PONIENTE,135,19.3071557244946,-99.0477755401567
1309,SANTA ANA SUR,31,19.2909496993295,-99.0382895053948
1310,SANTA ANITA,175,19.4046162004529,-99.1212536194824
1311,SANTA APOLONIA,27,19.4745550426168,-99.1952415032796
1312,SANTA BÁRBARA,257,19.49872643,-99.17731562
1313,SANTA CATARINA,49,19.49256585,-99.1763692
1314,SANTA CECILIA,81,19.2791880023438,-99.0081710996842
1315,SANTA CECILIA TEPETLAPA,63,19.2195052864405,-99.1054530118135
1316,SANTA CRUZ,16,19.3874927459129,-99.1220849335639
1317,SANTA CRUZ (DEL PUEBLO DE SAN ANDRÉS MIXQUIC),8,19.2248276600691,-98.9481255735746
1318,SANTA CRUZ (VILLA MILPA ALTA),40,19.1968964039969,-99.0172043161352
1319,SANTA CRUZ ACALPIXCA - PUEBLO,179,19.2457715971972,-99.0780827962493
1320,SANTA CRUZ ACAYUCAN,82,19.4734474999461,-99.1906243996924
1321,SANTA CRUZ ATOYAC,576,19.3732584368923,-99.1606323030295
1322,SANTA CRUZ AVIACIÓN,44,19.4208722032489,-99.0973985997201
1323,SANTA CRUZ CHAVARRIETA,6,19.2292029331014,-99.1202136900705
1324,SANTA CRUZ DE LAS SALINAS,62,19.4873751,-99.1525742
1325,SANTA CRUZ MEYEHUALCO,410,19.3427982628468,-99.0445764430661
1326,SANTA CRUZ XOCHITEPEC,79,19.2608193969433,-99.1357735996484
1327,SANTA FE,33,19.3851551,-99.22703147
1328,SANTA FE IMSS,33,19.3905325394987,-99.2080011689855
1329,SANTA FE INFONAVIT,8,19.3867740137576,-99.2226827609634
1330,SANTA INES,23,19.4929193900833,-99.1932616514212
1331,SANTA INÉS,6,19.2350428992833,-99.1159425997963
1332,SANTA ISABEL INDUSTRIAL,86,19.3508418,-99.1050524
1333,SANTA ISABEL TOLA,167,19.5012769239281,-99.1105872691668
1334,SANTA LUCIA,85,19.3558042984782,-99.2554266912535
1335,SANTA LUCÍA CHANTEPEC,19,19.3564399964923,-99.2498046001354
1336,SANTA LUCÍA REACOMODO,10,19.3562375553165,-99.2586022458563
1337,SANTA MARIA AZTAHUACAN,122,19.3482114263785,-99.01878303953
1338,SANTA MARIA DE LOS OLIVOS - BARRIO,15,19.2447009674953,-99.0085474443073
1339,SANTA MARIA DEL MONTE,4,19.352078552476,-99.0897763100852
1340,SANTA MARIA INSURGENTES,54,19.4615287959314,-99.1492004999225
1341,SANTA MARIA LA RIBERA,747,19.4506642712401,-99.1607886338911
1342,SANTA MARIA MALINALCO,49,19.475438358879,-99.1826087200673
1343,SANTA MARÍA NATIVITAS,42,19.2473577218708,-99.0869987416719
1344,SANTA MARIA NONOALCO,197,19.3850926425236,-99.1841048866673
1345,SANTA MARÍA NONOALCO,49,19.3808281014367,-99.1938212001735
1346,SANTA MARÍA TEPEPAN,140,19.2701241913983,-99.1336402120603
1347,SANTA MARÍA TOMATLÁN,39,19.3249610767438,-99.103780212051
1348,SANTA MARTHA (VILLA MILPA ALTA),62,19.1942040996176,-99.0267076001259
1349,SANTA MARTHA ACATITLA,364,19.3606435308149,-99.0077285776588
1350,SANTA MARTHA ACATITLA NORTE,193,19.3824536997332,-99.0207912672496
1351,SANTA MARTHA ACATITLA SUR,251,19.3626103499605,-99.0238875809933
1352,SANTA ROSA,92,19.522776960002,-99.1682056203423
1353,SANTA ROSA XOCHIAC,68,19.3288316,-99.28051591
1354,SANTA TERESA,45,19.31017150341,-99.225899600328
1355,SANTA URSULA COAPA,59,19.3023632269921,-99.1437772696697
1356,SANTA ÚRSULA XITLA,155,19.2811881976958,-99.175413100156
1357,SANTIAGO,18,19.2970370902876,-99.0323552324558
1358,SANTIAGO ACAHUALTEPEC,105,19.352991,-99.0032236
1359,SANTIAGO AHUIZOTLA,90,19.480849302814,-99.2131177503969
1360,SANTIAGO ATEPETLAC,53,19.5230774769454,-99.1613169748546
1361,SANTIAGO ATZACOALCO,88,19.4963361042727,-99.0976451004426
1362,SANTIAGO NORTE,48,19.3929274,-99.1257985
1363,SANTIAGO SUR,127,19.2911714981414,-99.0292839002616
1364,SANTIAGO TEPALCATLALPAN,169,19.246086334389,-99.1269778201363
1365,SANTIAGO TULYEHUALCO - PUEBLO,79,19.2545030030137,-99.0127406004475
1366,SANTIAGUITO,11,19.25543380056,-99.0246352001462
1367,SANTÍSIMA TRINIDAD,11,19.2720314990332,-99.1871393004434
1368,SANTO DOMINGO,38,19.4887086,-99.1905974
1369,SANTO TOMAS,116,19.4525962848352,-99.1699932254514
1370,SANTO TOMAS AJUSCO,118,19.2176853845847,-99.206160671788
1371,SAUZALES CEBADALES,7,19.2977552977666,-99.1098096995616
1372,SEARS ROEBUCK,1,19.4011919864895,-99.1961462947543
1373,SECTOR 17,9,19.2771531173105,-99.2409877495171
1374,SECTOR NAVAL,11,19.4703605574865,-99.176058050361
1375,SECTOR POPULAR,131,19.36789153,-99.12225673
1376,SELENE,37,19.2850257996638,-98.9997357003841
1377,SELENE 1A. SECCION,67,19.2912139540663,-99.0087048087075
1378,SELENE 2A. SECCION,40,19.2868496023753,-98.9998704004041
1379,SEVILLA,44,19.4113114020356,-99.1219353997734
1380,SIDERAL,7,19.3727182614319,-99.0642665051522
1381,SIERRA DEL VALLE,7,19.3446115745834,-99.0256532314484
1382,SIETE MARAVILLAS,14,19.5127758021159,-99.1414873786371
1383,SIMÓN BOLÍVAR,64,19.4498377036818,-99.0976765002955
1384,SINATEL,29,19.3592106040682,-99.13366030011
1385,SINDICATO MEXICANO DE ELECTRICISTAS,29,19.4712843025203,-99.1790469002608
1386,SIRACUSA 240,1,19.3126381956637,-99.0925342004284
1387,SOLIDARIDAD,51,19.3731587315952,-99.0033864865573
1388,SOLIDARIDAD NACIONAL,31,19.5396555995271,-99.1542179996287
1389,TABACALERA,400,19.4356282752791,-99.1550582997554
1390,TABLAS DE SAN AGUSTÍN,64,19.4642081692566,-99.1140154199913
1391,TACUBA,434,19.4593793024224,-99.1884280996611
1392,TACUBAYA,391,19.40328701,-99.18539027
1393,TAXQUEÑA,6,19.3387538378587,-99.1270752604944
1394,TECACALANCO,4,19.2372104963308,-99.0726934999211
1395,TECAXTITLA (SAN ANTONIO TECOMITL),17,19.2248571304086,-98.9975406343021
1396,TECOLALCO,2,19.3787325222762,-99.2369129615481
1397,TECORRAL,5,19.2610170972255,-99.1666748000586
1398,TEHUIXTITLA,1,19.2391841987242,-99.0695150997555
1399,TEJOMULCO EL ALTO,1,19.2412445392398,-99.0817586257998
1400,TELONCOCHABACANO,3,19.2382878894583,-99.097700040729
1401,TEMASTITITLA,2,19.2716020029671,-99.1821501996711
1402,TENANTITLA (SAN ANTONIO TECOMITL),51,19.2206512100111,-98.9939954420758
1403,TENORIOS,90,19.32980688,-99.02165799
1404,TENORIOS 1,3,19.2968152007512,-99.1176479003809
1405,TENORIOS 2,4,19.2968253984262,-99.1173052996174
1406,TENORIOS FOVISSSTE,3,19.2947608717355,-99.1179373377645
1407,TEPALCATES,260,19.3896987748148,-99.0590620081283
1408,TEPANTITLAMILCO,2,19.2192590040175,-98.9713940999837
1409,TEPEPAN,41,19.2664580736523,-99.1314526172694
1410,TEPETONGO,10,19.3697878577901,-99.2932106941868
1411,TEPEXIMILPA SERVIMET,9,19.2724098,-99.1922975
1412,TEPEYAC INSURGENTES,246,19.4836762956472,-99.1205885003244
1413,TEPOPOTLA,3,19.3617209993317,-99.2512987003658
1414,TEQUIMILA,1,19.2140700877083,-99.1993315346696
1415,TETELPAN,71,19.3429981987517,-99.2280862002682
1416,TETLALPAN,4,19.355051902428,-99.2589839002715
1417,TEXCALTENCO,3,19.27525528,-99.18733118
1418,TEZONTITLA,1,19.2963452075875,-99.0031171847939
1419,TEZOZOMOC,96,19.4898294000833,-99.197519999563
1420,TIERRA BLANCA,22,19.2404782810591,-99.0010394910939
1421,TIERRA COLORADA,21,19.271488,-99.2480728
1422,TIERRA NUEVA,89,19.50157034,-99.20422613
1423,TIERRA UNIDA,12,19.3027155,-99.2704512
1424,TIZAMPAMPANO DEL PUEBLO TETELPAN,7,19.3422504123973,-99.2191937167263
1425,TIZAPAN,81,19.339995512712,-99.1997011556603
1426,TLACAELEL 1,7,19.5549729910677,-99.1425406901913
1427,TLACAELEL 2,3,19.56072295,-99.1426953
1428,TLACAMACA,18,19.4754233036727,-99.1348059998817
1429,TLACOPAC,21,19.3564565866931,-99.1969020748561
1430,TLACOQUEMECATL,148,19.3798069970477,-99.1749808804158
1431,TLACOYAQUE,28,19.319525958635,-99.2687928933547
1432,TLACUITLAPA,18,19.3531766830921,-99.240716980313
1433,TLALCOLIGIA,59,19.27827971,-99.17143811
1434,TLALMILLE,16,19.26086801,-99.18580028
1435,TLALPAN CENTRO I,265,19.2949473,-99.1781816
1436,TLALPAN CENTRO II,144,19.2837422628399,-99.1653897585844
1437,TLALPEXCO,46,19.542183154464,-99.1276565619934
1438,TLAPECHICO,51,19.3775198008431,-99.2447004997644
1439,TLATILCO,59,19.4624281363843,-99.1602521892642
1440,TLAXPANA,140,19.4401488240045,-99.1675921014047
1441,TLAZINTLA,41,19.3978158,-99.11188927
1442,TOLTECA,131,19.39074366,-99.19204809
1443,TOLTENCO,4,19.2774540897365,-99.1145985837617
1444,TORIELLO GUERRA,231,19.2953266391983,-99.1699449798881
1445,TORRE BLANCA,109,19.4592975025401,-99.1939432001448
1446,TORRES DE PADIERNA,18,19.280011159695,-99.2291796841867
1447,TORRES DE POTRERO,103,19.3319317034361,-99.2466874003872
1448,TORRES DEL MAUREL,1,19.3063809978826,-99.1812404001281
1449,TORRES LINDAVISTA,33,19.5104509988957,-99.1403542004729
1450,TRABAJADORES DE HIERRO,19,19.4788938008053,-99.1510744998299
1451,TRABAJADORES DE PEMEX,8,19.5007263443699,-99.2061616777312
1452,TRANSITO,286,19.4161156553966,-99.1278513372245
1453,TRES ESTRELLAS,37,19.47380697,-99.10847308
1454,TRES MOSQUETEROS,5,19.4401067337986,-99.1058755292531
1455,TRIANGULO DE LAS AGUJAS,9,19.3065545612911,-99.0873072197679
1456,TRIUNFO DE LA REPÚBLICA,11,19.4910532995471,-99.1112718003839
1457,TRONCOSO,1,19.4071317985323,-99.1130210003961
1458,TULA (SAN PEDRO ATOCPAN),13,19.2063841476779,-99.0493990859527
1459,TULYEHUALCO,144,19.3162224985711,-99.0737274997819
1460,U.H. TLALTEPA,2,19.2289574728883,-98.9940188308935
1461,U.S.I.T.A.T.Y.R.,1,19.36392821,-99.24669402
1462,UN HOGAR PARA CADA TRABAJADOR,12,19.471042128037,-99.1771206499253
1463,UN HOGAR PARA NOSOTROS,57,19.4485517744303,-99.1710190074868
1464,UNIDAD CUITLAHUAC,59,19.47214059912,-99.1700915999809
1465,UNIDAD EJÉRCITO CONSTITUCIONALISTA,282,19.3820472001844,-99.0506643998061
1466,UNIDAD HAB. LOMAS DE SOTELO,18,19.4483520300071,-99.2160535264874
1467,UNIDAD HAB. U.S.O.V.I.,4,19.3349048,-99.1563475
1468,UNIDAD KENNEDY,21,19.4248318620897,-99.1134304467181
1469,UNIDAD MODELO,72,19.36498623,-99.12534093
1470,UNIDAD MONSERRAT,1,19.3344026071684,-99.1511703567221
1471,UNIDAD MORELOS,20,19.4073383999654,-99.1068198002254
1472,UNIDAD NARVARTE IMSS,9,19.3924891,-99.1485469
1473,UNIDAD OBRERO HAB. CTM CULHUACAN ZONA 13,44,19.3081728002682,-99.1008312000205
1474,UNIDAD OBRERO HAB. CULHUACAN,19,19.3210357735045,-99.1123527398734
1475,UNIDAD PROFESIONAL ADOLFO LOPEZ MATEOS,38,19.5028347991337,-99.1312404000583
1476,UNIDAD VICENTE GUERRERO,310,19.3609856436108,-99.0495390412976
1477,UNIVERSAL,1,19.3659095988554,-99.2449586997021
1478,UNIVERSIDAD NACIONAL AUTÓNOMA DE MÉXICO,313,19.3349919861436,-99.1814803899508
1479,VALENTIN GOMEZ FARIAS,19,19.3595998249305,-99.2319996891361
1480,VALENTÍN GÓMEZ FARIAS,64,19.418491752645,-99.0968230756483
1481,VALLE DE LUCES,14,19.3425403174492,-99.1034731085778
1482,VALLE DE LUCES 1A SECCION,6,19.3410011822802,-99.0983389000472
1483,VALLE DE LUCES 2A SECCION,20,19.3404797211917,-99.1031094202554
1484,VALLE DE LUCES 3A SECCION,2,19.3375189984293,-99.0961643995387
1485,VALLE DE MADERO,44,19.5485531087462,-99.1424189352669
1486,VALLE DE SAN LORENZO,95,19.3018970884566,-99.0812706077631
1487,VALLE DE SANTA MARÍA,2,19.2366861614216,-99.0991866169907
1488,VALLE DE TEPEPAN,8,19.2704924649275,-99.1437083271465
1489,VALLE DEL SUR,55,19.346166203496,-99.1171775997395
1490,VALLE DEL TEPEYAC,19,19.4890694994169,-99.1409056003879
1491,VALLE ESCONDIDO,24,19.279975379594,-99.1421071182582
1492,VALLE GÓMEZ,158,19.4576043048042,-99.1170215005002
1493,VALLEJO,257,19.4672741482919,-99.1271184657221
1494,VALLEJO PONIENTE,45,19.4674530036042,-99.1409412002329
1495,VASCO DE QUIROGA,104,19.4908834179195,-99.0931668738883
1496,VASO DE REGULACION,8,19.2916793039928,-99.1095058031795
1497,VENTURA PÉREZ DE ALVA,16,19.4522276029389,-99.1950067998425
1498,VENUSTIANO CARRANZA,28,19.4380525109215,-99.1137239851724
1499,VERANO,6,19.2654916316958,-99.2015360000459
1500,VERGEL COAPA,20,19.30376447,-99.124685
1501,VERGEL DE COYOACÁN,33,19.3042412070274,-99.1354257377844
1502,VERGEL DEL SUR,17,19.3011125132147,-99.1378674479275
1503,VERONICA ANZURES,148,19.4382365777715,-99.1779275881758
1504,VERONICA CASTRO,2,19.5737411039718,-99.1289244999589
1505,VERTIZ NARVARTE,123,19.3800023652475,-99.1552002060214
1506,VIADUCTO PIEDAD,167,19.40129907,-99.12743836
1507,VICTORIA DE LAS DEMOCRACIAS,93,19.4652489406798,-99.162651683305
1508,VILLA CENTRO AMERICANA,72,19.2813544029416,-99.0536494997753
1509,VILLA COYOACÁN,74,19.347754124827,-99.16450449415
1510,VILLA CUEMANCO,13,19.2946622802335,-99.1124690209476
1511,VILLA CUEMANCO INFONAVIT,4,19.299598567176,-99.106132591001
1512,VILLA DE ARAGÓN,43,19.4711992021496,-99.0616829995868
1513,VILLA DE CORTES,42,19.3886524585786,-99.1357247096581
1514,VILLA DE SAN FRANCISCO,2,19.338362502264,-99.1635753004711
1515,VILLA DEL PUENTE,4,19.2956619039731,-99.1059734998263
1516,VILLA DEL SUR,1,19.2999368175757,-99.1206148566911
1517,VILLA ESMERALDA,1,19.487928503792,-99.0861677997578
1518,VILLA GUSTAVO A. MADERO,136,19.48268828,-99.11426257
1519,VILLA HERMOSA,6,19.5019564988389,-99.0931731995708
1520,VILLA LÁZARO CÁRDENAS,68,19.2996397,-99.1432545
1521,VILLA MILPA ALTA CENTRO,15,19.1913254985905,-99.0234368001517
1522,VILLA OLÍMPICA,32,19.3017067791785,-99.1859504519405
1523,VILLA PANAMERICANA,74,19.3083931101709,-99.1683493793068
1524,VILLA PROGRESISTA,6,19.355458179527,-99.2422300545428
1525,VILLA QUIETUD,14,19.2999932975224,-99.105937699866
1526,VILLA ROYALE,3,19.2951318005494,-99.1224838997339
1527,VILLA TLALPAN,12,19.2776619979852,-99.1648157001088
1528,VILLA VERDÚN,27,19.34327908,-99.25737001
1529,VILLAS COPILCO,9,19.3391050959124,-99.181425900092
1530,VISTA ALEGRE,178,19.4092038746278,-99.1356197725444
1531,VISTA HERMOSA,22,19.548466032728,-99.1221226118156
1532,VISTA HERMOSA I,2,19.5495643233269,-99.1232277878723
1533,VISTAS DEL MAUREL,4,19.3058132395345,-99.1740203649111
1534,VISTAS DEL PEDREGAL,12,19.2741240088895,-99.2346708597447
1535,VIVEROS COATECTLÁN,4,19.2447084104933,-99.1536604444212
1536,VIVEROS DE COYOACÁN,17,19.3511753978624,-99.1728788002176
1537,XALPA,265,19.3423931987054,-99.0162712000772
1538,XALTIPAC (SAN ANTONIO TECOMITL),25,19.2199050502659,-98.9930013777991
1539,XOCHIMILCO,2,19.2469733,-99.1034702
1540,XOCHIPILLI,11,19.2487725149129,-99.0865205534498
1541,XOCO,210,19.3661625973497,-99.1675507673162
1542,XOPA,3,19.360932396983,-99.124593100198
1543,XOTEPINGO,32,19.3234754694756,-99.1382325575758
1544,ZACAHUITZCO,97,19.3744392972704,-99.1343207996524
1545,ZACATENCO,21,19.29573502,-99.02139457
1546,ZACATEPEC(SAN MATEO XALPA),14,19.2407056743586,-99.1251146715728
1547,ZACATÓN,15,19.2679968038462,-99.2402388001267
1548,ZAPATA,1,19.34149,-99.1546606
1549,ZAPOTITLA,9,19.3065104481317,-99.0415248070366
1550,ZAPOTLA,51,19.3960541031422,-99.1228310001097
1551,ZEDEC AMPLIACION PLAN DE AYALA,3,19.2391546362495,-99.147325404458
1552,ZEDEC SANTA FE,301,19.3769572009735,-99.2530814002155
1553,ZENÓN DELGADO,29,19.3889376,-99.2146674
1554,ZENTLAPATL,75,19.3467612102737,-99.3109658185672
1555,ZONA CENTRO,468,19.428313692484,-99.1251319644478
1556,ZONA ESCOLAR,126,19.5367998983234,-99.1497534003705
1557,ZONA ESCOLAR ORIENTE,61,19.5363966625231,-99.1422346517394
1558,ZONA URBANA EJIDAL LOS REYES CULHUACAN,30,19.342520002039,-99.1011053001911
1559,ZONA URBANA EJIDAL SANTA MARIA AZTAHUACAN,207,19.3567637992576,-99.0322346666933
1560,ZONA URBANA EJIDAL SANTA MARIA TOMATLAN,18,19.3283981042589,-99.0986093888476
